USE Netflix_schema;
drop table if exists Country;
CREATE TABLE Country (
  `country_id` INT PRIMARY KEY AUTO_INCREMENT,
  `country_code` VARCHAR(1024) NOT NULL,
  `country_name` VARCHAR(1024) NOT NULL
)
;
INSERT INTO Country VALUES
(1,'ar','Argentina'),
(2,'au','Australia'),
(3,'at','Austria'),
(4,'be','Belgium'),
(5,'bo','Bolivia'),
(6,'br','Brazil'),
(7,'bg','Bulgaria'),
(8,'ca','Canada'),
(9,'cl','Chile'),
(10,'co','Colombia'),
(11,'cr','Costa Rica'),
(12,'hr','Croatia'),
(13,'cz','Czechia'),
(14,'dk','Denmark'),
(15,'ec','Ecuador'),
(16,'ee','Estonia'),
(17,'fi','Finland'),
(18,'fr','France'),
(19,'de','Germany'),
(20,'gi','Gibraltar'),
(21,'gr','Greece'),
(22,'gt','Guatemala'),
(23,'hn','Honduras'),
(24,'hk','Hong Kong'),
(25,'hu','Hungary'),
(26,'is','Iceland'),
(27,'in','India'),
(28,'id','Indonesia'),
(29,'ie','Ireland'),
(30,'il','Israel'),
(31,'it','Italy'),
(32,'jp','Japan'),
(33,'lv','Latvia'),
(34,'li','Liechtenstein'),
(35,'lt','Lithuania'),
(36,'my','Malaysia'),
(37,'mx','Mexico'),
(38,'md','Moldova'),
(39,'mc','Monaco'),
(40,'nl','Netherlands'),
(41,'nz','New Zealand'),
(42,'no','Norway'),
(43,'py','Paraguay'),
(44,'pe','Peru'),
(45,'ph','Philippines'),
(46,'pl','Poland'),
(47,'pt','Portugal'),
(48,'ro','Romania'),
(49,'ru','Russia'),
(50,'sm','San Marino'),
(51,'sg','Singapore'),
(52,'sk','Slovakia'),
(53,'za','South Africa'),
(54,'kr','South Korea'),
(55,'es','Spain'),
(56,'se','Sweden'),
(57,'ch','Switzerland'),
(58,'tw','Taiwan'),
(59,'th','Thailand'),
(60,'tr','Turkey'),
(61,'ua','Ukraine'),
(62,'gb','United Kingdom'),
(63,'us','United States'),
(64,'uy','Uruguay'),
(65,'ve','Venezuela')
;
CREATE TABLE Library (
  `library_id` INT PRIMARY KEY,
  `country_id` INT,
  `Total_Library_Size` BIGINT,
  `No_of_TV_Shows` BIGINT,
  `No_of_Movies` BIGINT,
  CONSTRAINT fk_country_id
FOREIGN KEY (country_id)
REFERENCES Country (country_id)
);

INSERT INTO Library VALUES
(1,1,4760,3154,1606),
(2,2,6114,4050,2064),
(3,3,5640,3779,1861),
(4,4,4990,3374,1616),
(5,5,4991,3155,1836),
(6,6,4972,3162,1810),
(7,7,6797,4819,1978),
(8,8,6239,4311,1928),
(9,9,4994,3156,1838),
(10,10,4991,3156,1835),
(11,11,4988,3152,1836),
(12,12,2274,1675,599),
(13,13,7325,5234,2091),
(14,14,4558,2978,1580),
(15,15,4992,3155,1837),
(16,16,6456,4486,1970),
(17,17,4045,2638,1407),
(18,18,5445,3604,1841),
(19,19,5668,3814,1854),
(20,20,6167,4079,2088),
(21,21,4772,3344,1428),
(22,22,4767,3154,1613),
(23,23,4989,3154,1835),
(24,24,4746,2883,1863),
(25,25,6884,4802,2082),
(26,26,6387,4426,1961),
(27,27,5843,3718,2125),
(28,28,3887,2449,1438),
(29,29,6486,4515,1971),
(30,30,5713,3650,2063),
(31,31,5183,3545,1638),
(32,32,5475,3619,1856),
(33,33,6450,4479,1971),
(34,34,3048,1712,1336),
(35,35,6462,4490,1972),
(36,36,5952,3565,2387),
(37,37,4993,3158,1835),
(38,38,3937,2473,1464),
(39,39,5804,3806,1998),
(40,40,5376,3779,1597),
(41,41,6084,4003,2081),
(42,42,4528,2955,1573),
(43,43,4797,3155,1642),
(44,44,4986,3155,1831),
(45,45,6362,4154,2208),
(46,46,5109,3512,1597),
(47,47,5047,3419,1628),
(48,48,5303,3832,1471),
(49,49,5711,3624,2087),
(50,50,2310,1937,373),
(51,51,6303,4109,2194),
(52,52,7035,5055,1980),
(53,53,5736,3686,2050),
(54,54,5195,3334,1861),
(55,55,5229,3536,1693),
(56,56,4361,2973,1388),
(57,57,5506,3654,1852),
(58,58,5105,3134,1971),
(59,59,4948,2977,1971),
(60,60,4639,2930,1709),
(61,61,5336,3261,2075),
(62,62,6643,4551,2092),
(63,63,5818,3826,1992),
(64,64,4989,3154,1835),
(65,65,4797,3154,1643)
;
drop table if exists Genre;
CREATE TABLE `Genre` (
  `Genre_id` INT PRIMARY KEY,
  `Genre_name` VARCHAR(1024)
);
INSERT INTO `Genre` VALUES
(1,'Romance'),
(2,'Action'),
(3,'Thriller'),
(4,'Comedy'),
(5,'Horror')
;
drop table if exists Genre_movie;
CREATE TABLE `Genre_movie` (
  `GM_id` INT PRIMARY KEY,
  `Genre_id` INT,
  `country_id` INT,
  `N_Movies_by_Genre` VARCHAR(1024)NOT NULL,

  CONSTRAINT fk_Genre_id
FOREIGN KEY (Genre_id)
REFERENCES Genre (Genre_id),
  CONSTRAINT fk3_country_id
FOREIGN KEY (country_id)
REFERENCES Country (country_id)
);

INSERT INTO `Genre_movie` VALUES
(1,1,1,'952'),
(2,1,2,'1,223'),
(3,1,3,'1,128'),
(4,1,4,'998'),
(5,1,5,'998'),
(6,1,6,'994'),
(7,1,7,'1,359'),
(8,1,8,'1,248'),
(9,1,9,'999'),
(10,1,10,'998'),
(11,1,11,'998'),
(12,1,12,'455'),
(13,1,13,'1,465'),
(14,1,14,'912'),
(15,1,15,'998'),
(16,1,16,'1,291'),
(17,1,17,'809'),
(18,1,18,'1,089'),
(19,1,19,'1,134'),
(20,1,20,'1,233'),
(21,1,21,'954'),
(22,1,22,'953'),
(23,1,23,'998'),
(24,1,24,'949'),
(25,1,25,'1,377'),
(26,1,26,'1,277'),
(27,1,27,'1,169'),
(28,1,28,'777'),
(29,1,29,'1,297'),
(30,1,30,'1,143'),
(31,1,31,'1,037'),
(32,1,32,'1,094'),
(33,1,33,'1,290'),
(34,1,34,'610'),
(35,1,35,'1,292'),
(36,1,36,'1,190'),
(37,1,37,'999'),
(38,1,38,'787'),
(39,1,39,'1,161'),
(40,1,40,'1,075'),
(41,1,41,'1,217'),
(42,1,42,'906'),
(43,1,43,'959'),
(44,1,44,'997'),
(45,1,45,'1,272'),
(46,1,46,'1,022'),
(47,1,47,'1,009'),
(48,1,48,'1,061'),
(49,1,49,'1,142'),
(50,1,50,'462'),
(51,1,51,'1,261'),
(52,1,52,'1,407'),
(53,1,53,'1,147'),
(54,1,54,'1,039'),
(55,1,55,'1,046'),
(56,1,56,'872'),
(57,1,57,'1,101'),
(58,1,58,'1,021'),
(59,1,59,'990'),
(60,1,60,'928'),
(61,1,61,'1,067'),
(62,1,62,'1,329'),
(63,1,63,'1,164'),
(64,1,64,'998'),
(65,1,65,'959'),
(66,2,1,'1,428'),
(67,2,2,'1,834'),
(68,2,3,'1,692'),
(69,2,4,'1,497'),
(70,2,5,'1,497'),
(71,2,6,'1,492'),
(72,2,7,'2,039'),
(73,2,8,'1,872'),
(74,2,9,'1,498'),
(75,2,10,'1,497'),
(76,2,11,'1,496'),
(77,2,12,'682'),
(78,2,13,'2,198'),
(79,2,14,'1,367'),
(80,2,15,'1,498'),
(81,2,16,'1,937'),
(82,2,17,'1,213'),
(83,2,18,'1,634'),
(84,2,19,'1,700'),
(85,2,20,'1,850'),
(86,2,21,'1,432'),
(87,2,22,'1,430'),
(88,2,23,'1,497'),
(89,2,24,'1,424'),
(90,2,25,'2,065'),
(91,2,26,'1,916'),
(92,2,27,'1,753'),
(93,2,28,'1,166'),
(94,2,29,'1,946'),
(95,2,30,'1,714'),
(96,2,31,'1,555'),
(97,2,32,'1,643'),
(98,2,33,'1,934'),
(99,2,34,'914'),
(100,2,35,'1,939'),
(101,2,36,'1,786'),
(102,2,37,'1,498'),
(103,2,38,'1,181'),
(104,2,39,'1,741'),
(105,2,40,'1,613'),
(106,2,41,'1,825'),
(107,2,42,'1,358'),
(108,2,43,'1,439'),
(109,2,44,'1,496'),
(110,2,45,'1,909'),
(111,2,46,'1,533'),
(112,2,47,'1,514'),
(113,2,48,'1,591'),
(114,2,49,'1,713'),
(115,2,50,'692'),
(116,2,51,'1,891'),
(117,2,52,'2,111'),
(118,2,53,'1,721'),
(119,2,54,'1,559'),
(120,2,55,'1,569'),
(121,2,56,'1,308'),
(122,2,57,'1,652'),
(123,2,58,'1,531'),
(124,2,59,'1,484'),
(125,2,60,'1,391'),
(126,2,61,'1,601'),
(127,2,62,'1,993'),
(128,2,63,'1,745'),
(129,2,64,'1,497'),
(130,2,65,'1,439'),
(131,3,1,'714'),
(132,3,2,'917'),
(133,3,3,'846'),
(134,3,4,'749'),
(135,3,5,'749'),
(136,3,6,'746'),
(137,3,7,'1,020'),
(138,3,8,'936'),
(139,3,9,'749'),
(140,3,10,'749'),
(141,3,11,'748'),
(142,3,12,'341'),
(143,3,13,'1,098'),
(144,3,14,'684'),
(145,3,15,'749'),
(146,3,16,'968'),
(147,3,17,'607'),
(148,3,18,'817'),
(149,3,19,'850'),
(150,3,20,'925'),
(151,3,21,'716'),
(152,3,22,'715'),
(153,3,23,'748'),
(154,3,24,'712'),
(155,3,25,'1,033'),
(156,3,26,'958'),
(157,3,27,'876'),
(158,3,28,'583'),
(159,3,29,'973'),
(160,3,30,'857'),
(161,3,31,'777'),
(162,3,32,'821'),
(163,3,33,'968'),
(164,3,34,'457'),
(165,3,35,'969'),
(166,3,36,'893'),
(167,3,37,'749'),
(168,3,38,'591'),
(169,3,39,'871'),
(170,3,40,'806'),
(171,3,41,'913'),
(172,3,42,'679'),
(173,3,43,'720'),
(174,3,44,'748'),
(175,3,45,'954'),
(176,3,46,'766'),
(177,3,47,'757'),
(178,3,48,'795'),
(179,3,49,'857'),
(180,3,50,'347'),
(181,3,51,'945'),
(182,3,52,'1,055'),
(183,3,53,'860'),
(184,3,54,'779'),
(185,3,55,'784'),
(186,3,56,'654'),
(187,3,57,'826'),
(188,3,58,'766'),
(189,3,59,'742'),
(190,3,60,'696'),
(191,3,61,'800'),
(192,3,62,'996'),
(193,3,63,'873'),
(194,3,64,'748'),
(195,3,65,'720'),
(196,4,1,'1,190'),
(197,4,2,'1,529'),
(198,4,3,'1,410'),
(199,4,4,'1,248'),
(200,4,5,'1,248'),
(201,4,6,'1,243'),
(202,4,7,'1,699'),
(203,4,8,'1,560'),
(204,4,9,'1,249'),
(205,4,10,'1,248'),
(206,4,11,'1,247'),
(207,4,12,'569'),
(208,4,13,'1,831'),
(209,4,14,'1,140'),
(210,4,15,'1,248'),
(211,4,16,'1,614'),
(212,4,17,'1,011'),
(213,4,18,'1,360'),
(214,4,19,'1,417'),
(215,4,20,'1,542'),
(216,4,21,'1,193'),
(217,4,22,'1,192'),
(218,4,23,'1,247'),
(219,4,24,'1,187'),
(220,4,25,'1,721'),
(221,4,26,'1,597'),
(222,4,27,'1,461'),
(223,4,28,'972'),
(224,4,29,'1,621'),
(225,4,30,'1,428'),
(226,4,31,'1,296'),
(227,4,32,'1,369'),
(228,4,33,'1,613'),
(229,4,34,'762'),
(230,4,35,'1,616'),
(231,4,36,'1,488'),
(232,4,37,'1,248'),
(233,4,38,'984'),
(234,4,39,'1,451'),
(235,4,40,'1,344'),
(236,4,41,'1,521'),
(237,4,42,'1,132'),
(238,4,43,'1,199'),
(239,4,44,'1,246'),
(240,4,45,'1,591'),
(241,4,46,'1,277'),
(242,4,47,'1,262'),
(243,4,48,'1,326'),
(244,4,49,'1,428'),
(245,4,50,'578'),
(246,4,51,'1,576'),
(247,4,52,'1,759'),
(248,4,53,'1,434'),
(249,4,54,'1,298'),
(250,4,55,'1,307'),
(251,4,56,'1,089'),
(252,4,57,'1,377'),
(253,4,58,'1,276'),
(254,4,59,'1,237'),
(255,4,60,'1,160'),
(256,4,61,'1,334'),
(257,4,62,'1,661'),
(258,4,63,'1,455'),
(259,4,64,'1,247'),
(260,4,65,'1,199'),
(261,5,1,'476'),
(262,5,2,'611'),
(263,5,3,'564'),
(264,5,4,'499'),
(265,5,5,'499'),
(266,5,6,'497'),
(267,5,7,'680'),
(268,5,8,'624'),
(269,5,9,'499'),
(270,5,10,'499'),
(271,5,11,'499'),
(272,5,12,'227'),
(273,5,13,'733'),
(274,5,14,'456'),
(275,5,15,'499'),
(276,5,16,'646'),
(277,5,17,'405'),
(278,5,18,'545'),
(279,5,19,'567'),
(280,5,20,'617'),
(281,5,21,'477'),
(282,5,22,'477'),
(283,5,23,'499'),
(284,5,24,'474'),
(285,5,25,'688'),
(286,5,26,'639'),
(287,5,27,'584'),
(288,5,28,'389'),
(289,5,29,'649'),
(290,5,30,'571'),
(291,5,31,'518'),
(292,5,32,'548'),
(293,5,33,'645'),
(294,5,34,'305'),
(295,5,35,'646'),
(296,5,36,'595'),
(297,5,37,'499'),
(298,5,38,'394'),
(299,5,39,'580'),
(300,5,40,'538'),
(301,5,41,'608'),
(302,5,42,'453'),
(303,5,43,'480'),
(304,5,44,'499'),
(305,5,45,'636'),
(306,5,46,'511'),
(307,5,47,'505'),
(308,5,48,'530'),
(309,5,49,'571'),
(310,5,50,'231'),
(311,5,51,'630'),
(312,5,52,'703'),
(313,5,53,'574'),
(314,5,54,'520'),
(315,5,55,'523'),
(316,5,56,'436'),
(317,5,57,'550'),
(318,5,58,'511'),
(319,5,59,'495'),
(320,5,60,'464'),
(321,5,61,'534'),
(322,5,62,'664'),
(323,5,63,'581'),
(324,5,64,'499'),
(325,5,65,'480')
;
CREATE TABLE `Subscription_Plan` (
  `Subscription_Plan_ID` INT PRIMARY KEY,
  `Subscription_Plan_Name` VARCHAR(1024) NOT NULL
);
INSERT INTO `Subscription_Plan` VALUES
(1,'Basic'),
(2,'Standard'),
(3,'Premium')
;

CREATE TABLE `Subscription_Plan_by_Country` (
	`Subscription_Plan_by_Country_ID` INT PRIMARY KEY,
    `Country_id` INT NOT NULL,
    `Subscription_Plan_ID` INT NOT NULL ,
    `Number_of_Subscribers` BIGINT,
    CONSTRAINT fk4_country_id FOREIGN KEY (country_id)
        REFERENCES Country (country_id),
    CONSTRAINT fk_Subscription_plan_id FOREIGN KEY (Subscription_Plan_ID)
        REFERENCES Subscription_plan (Subscription_Plan_ID)
);

INSERT INTO `Subscription_Plan_by_Country` VALUES
(1,1,1,2221),
(2,1,2,9863),
(3,1,3,5200),
(4,2,1,7967),
(5,2,2,6501),
(6,2,3,8744),
(7,3,1,7090),
(8,3,2,3406),
(9,3,3,2135),
(10,4,1,7313),
(11,4,2,7391),
(12,4,3,8844),
(13,5,1,7055),
(14,5,2,9182),
(15,5,3,6846),
(16,6,1,3993),
(17,6,2,6198),
(18,6,3,1374),
(19,7,1,4525),
(20,7,2,3671),
(21,7,3,5258),
(22,8,1,1758),
(23,8,2,4982),
(24,8,3,2429),
(25,9,1,9072),
(26,9,2,3549),
(27,9,3,5835),
(28,10,1,6694),
(29,10,2,3616),
(30,10,3,5005),
(31,11,1,2744),
(32,11,2,9029),
(33,11,3,1562),
(34,12,1,2795),
(35,12,2,4625),
(36,12,3,7904),
(37,13,1,6558),
(38,13,2,2022),
(39,13,3,9301),
(40,14,1,6378),
(41,14,2,8408),
(42,14,3,6165),
(43,15,1,8885),
(44,15,2,5414),
(45,15,3,2311),
(46,16,1,9622),
(47,16,2,7827),
(48,16,3,5425),
(49,17,1,2826),
(50,17,2,8948),
(51,17,3,7027),
(52,18,1,9336),
(53,18,2,4340),
(54,18,3,2861),
(55,19,1,2884),
(56,19,2,4908),
(57,19,3,6057),
(58,20,1,6629),
(59,20,2,9546),
(60,20,3,1800),
(61,21,1,4987),
(62,21,2,1386),
(63,21,3,6521),
(64,22,1,8796),
(65,22,2,9037),
(66,22,3,8214),
(67,23,1,1621),
(68,23,2,6977),
(69,23,3,5940),
(70,24,1,7537),
(71,24,2,2109),
(72,24,3,7979),
(73,25,1,2970),
(74,25,2,9868),
(75,25,3,7944),
(76,26,1,1730),
(77,26,2,6256),
(78,26,3,6320),
(79,27,1,9815),
(80,27,2,3928),
(81,27,3,8662),
(82,28,1,3064),
(83,28,2,4974),
(84,28,3,9238),
(85,29,1,7375),
(86,29,2,5022),
(87,29,3,7291),
(88,30,1,2382),
(89,30,2,7699),
(90,30,3,3914),
(91,31,1,7405),
(92,31,2,3832),
(93,31,3,3324),
(94,32,1,2426),
(95,32,2,6174),
(96,32,3,4619),
(97,33,1,5819),
(98,33,2,1838),
(99,33,3,5589),
(100,34,1,5832),
(101,34,2,2130),
(102,34,3,8498),
(103,35,1,3623),
(104,35,2,9370),
(105,35,3,9920),
(106,36,1,4791),
(107,36,2,1942),
(108,36,3,1039),
(109,37,1,7252),
(110,37,2,5084),
(111,37,3,9360),
(112,38,1,2826),
(113,38,2,9922),
(114,38,3,1253),
(115,39,1,7749),
(116,39,2,8778),
(117,39,3,1892),
(118,40,1,6771),
(119,40,2,9363),
(120,40,3,7045),
(121,41,1,5985),
(122,41,2,7476),
(123,41,3,8424),
(124,42,1,6371),
(125,42,2,6668),
(126,42,3,5468),
(127,43,1,8539),
(128,43,2,3963),
(129,43,3,9207),
(130,44,1,3665),
(131,44,2,1400),
(132,44,3,5998),
(133,45,1,8973),
(134,45,2,3511),
(135,45,3,1005),
(136,46,1,6602),
(137,46,2,4309),
(138,46,3,2822),
(139,47,1,6571),
(140,47,2,5144),
(141,47,3,7187),
(142,48,1,6652),
(143,48,2,4722),
(144,48,3,4900),
(145,49,1,8865),
(146,49,2,2585),
(147,49,3,1231),
(148,50,1,5870),
(149,50,2,9698),
(150,50,3,1880),
(151,51,1,3503),
(152,51,2,4805),
(153,51,3,1079),
(154,52,1,8834),
(155,52,2,3339),
(156,52,3,6859),
(157,53,1,5934),
(158,53,2,8834),
(159,53,3,8383),
(160,54,1,8452),
(161,54,2,1083),
(162,54,3,4434),
(163,55,1,3710),
(164,55,2,9444),
(165,55,3,8636),
(166,56,1,2339),
(167,56,2,5175),
(168,56,3,3358),
(169,57,1,3627),
(170,57,2,6910),
(171,57,3,4584),
(172,58,1,6987),
(173,58,2,5917),
(174,58,3,4866),
(175,59,1,6943),
(176,59,2,5917),
(177,59,3,1933),
(178,60,1,7048),
(179,60,2,1216),
(180,60,3,8281),
(181,61,1,3956),
(182,61,2,1892),
(183,61,3,1133),
(184,62,1,5217),
(185,62,2,8578),
(186,62,3,1284),
(187,63,1,4566),
(188,63,2,3951),
(189,63,3,8996),
(190,64,1,4120),
(191,64,2,1552),
(192,64,3,6497),
(193,65,1,7363),
(194,65,2,3185),
(195,65,3,3856);
;

CREATE TABLE `Price` (
  `Price_ID` BIGINT PRIMARY KEY NOT NULL,
  `Subscription_Plan_ID` INT,
  `Amount_in_USD` VARCHAR(1024) NOT NULL,
  `country_id` INT,
  CONSTRAINT fk5_country_id FOREIGN KEY (country_id)
        REFERENCES Country (country_id),
    CONSTRAINT fk2_Subscription_plan_id FOREIGN KEY (Subscription_Plan_ID)
        REFERENCES Subscription_plan (Subscription_Plan_ID)
);

INSERT INTO `Price` VALUES
(1,1,'3.74',1),
(2,2,'6.3',1),
(3,3,'9.26',1),
(4,1,'7.84',2),
(5,2,'12.12',2),
(6,3,'16.39',2),
(7,1,'9.03',3),
(8,2,'14.67',3),
(9,3,'20.32',3),
(10,1,'10.16',4),
(11,2,'15.24',4),
(12,3,'20.32',4),
(13,1,'7.99',5),
(14,2,'10.99',5),
(15,3,'13.99',5),
(16,1,'4.61',6),
(17,2,'7.11',6),
(18,3,'9.96',6),
(19,1,'9.03',7),
(20,2,'11.29',7),
(21,3,'13.54',7),
(22,1,'7.91',8),
(23,2,'11.87',8),
(24,3,'15.03',8),
(25,1,'7.07',9),
(26,2,'9.91',9),
(27,3,'12.74',9),
(28,1,'4.31',10),
(29,2,'6.86',10),
(30,3,'9.93',10),
(31,1,'8.99',11),
(32,2,'12.99',11),
(33,3,'15.99',11),
(34,1,'9.03',12),
(35,2,'11.29',12),
(36,3,'13.54',12),
(37,1,'8.83',13),
(38,2,'11.49',13),
(39,3,'14.15',13),
(40,1,'12',14),
(41,2,'15.04',14),
(42,3,'19.6',14),
(43,1,'7.99',15),
(44,2,'10.99',15),
(45,3,'13.99',15),
(46,1,'9.03',16),
(47,2,'11.29',16),
(48,3,'13.54',16),
(49,1,'9.03',17),
(50,2,'13.54',17),
(51,3,'18.06',17),
(52,1,'10.16',18),
(53,2,'15.24',18),
(54,3,'20.32',18),
(55,1,'9.03',19),
(56,2,'14.67',19),
(57,3,'20.32',19),
(58,1,'9.03',20),
(59,2,'14.67',20),
(60,3,'20.32',20),
(61,1,'9.03',21),
(62,2,'12.42',21),
(63,3,'15.8',21),
(64,1,'7.99',22),
(65,2,'10.99',22),
(66,3,'13.99',22),
(67,1,'7.99',23),
(68,2,'10.99',23),
(69,3,'13.99',23),
(70,1,'8.08',24),
(71,2,'10',24),
(72,3,'11.93',24),
(73,1,'7.64',25),
(74,2,'10.71',25),
(75,3,'13.78',25),
(76,1,'9.03',26),
(77,2,'14.67',26),
(78,3,'20.32',26),
(79,1,'2.64',27),
(80,2,'6.61',27),
(81,3,'8.6',27),
(82,1,'8.36',28),
(83,2,'10.66',28),
(84,3,'12.96',28),
(85,1,'9.03',29),
(86,2,'14.67',29),
(87,3,'20.32',29),
(88,1,'10.56',30),
(89,2,'15.05',30),
(90,3,'19.54',30),
(91,1,'9.03',31),
(92,2,'14.67',31),
(93,3,'20.32',31),
(94,1,'8.73',32),
(95,2,'13.13',32),
(96,3,'17.45',32),
(97,1,'9.03',33),
(98,2,'11.29',33),
(99,3,'13.54',33),
(100,1,'12.88',34),
(101,2,'20.46',34),
(102,3,'26.96',34),
(103,1,'9.03',35),
(104,2,'11.29',35),
(105,3,'13.54',35),
(106,1,'8.29',36),
(107,2,'10.65',36),
(108,3,'13.02',36),
(109,1,'6.62',37),
(110,2,'10.43',37),
(111,3,'14.24',37),
(112,1,'9.03',38),
(113,2,'11.29',38),
(114,3,'13.54',38),
(115,1,'9.03',39),
(116,2,'13.54',39),
(117,3,'18.06',39),
(118,1,'9.03',40),
(119,2,'13.54',40),
(120,3,'18.06',40),
(121,1,'8.8',41),
(122,2,'12.53',41),
(123,3,'16.94',41),
(124,1,'9.94',42),
(125,2,'12.17',42),
(126,3,'17.75',42),
(127,1,'8.29',43),
(128,2,'11.49',43),
(129,3,'14.69',43),
(130,1,'6.11',44),
(131,2,'8.56',44),
(132,3,'11.01',44),
(133,1,'7.35',45),
(134,2,'9.14',45),
(135,3,'10.93',45),
(136,1,'7.13',46),
(137,2,'10.58',46),
(138,3,'14.76',46),
(139,1,'9.03',47),
(140,2,'13.54',47),
(141,3,'18.06',47),
(142,1,'9.03',48),
(143,2,'11.29',48),
(144,3,'13.54',48),
(145,1,'8.13',49),
(146,2,'10.84',49),
(147,3,'13.56',49),
(148,1,'9.03',50),
(149,2,'14.67',50),
(150,3,'20.32',50),
(151,1,'9.51',51),
(152,2,'12.81',51),
(153,3,'16.11',51),
(154,1,'9.03',52),
(155,2,'11.29',52),
(156,3,'13.54',52),
(157,1,'6.26',53),
(158,2,'10.05',53),
(159,3,'12.58',53),
(160,1,'8.07',54),
(161,2,'11.47',54),
(162,3,'14.45',54),
(163,1,'9.03',55),
(164,2,'14.67',55),
(165,3,'20.32',55),
(166,1,'10.9',56),
(167,2,'14.2',56),
(168,3,'19.7',56),
(169,1,'12.88',57),
(170,2,'20.46',57),
(171,3,'26.96',57),
(172,1,'9.74',58),
(173,2,'11.9',58),
(174,3,'14.07',58),
(175,1,'8.34',59),
(176,2,'10.43',59),
(177,3,'12.52',59),
(178,1,'1.97',60),
(179,2,'3',60),
(180,3,'4.02',60),
(181,1,'5.64',61),
(182,2,'8.46',61),
(183,3,'11.29',61),
(184,1,'7.91',62),
(185,2,'13.2',62),
(186,3,'18.48',62),
(187,1,'8.99',63),
(188,2,'13.99',63),
(189,3,'17.99',63),
(190,1,'8.99',64),
(191,2,'12.99',64),
(192,3,'15.99',64),
(193,1,'7.99',65),
(194,2,'10.99',65),
(195,3,'13.99',65)
;
CREATE TABLE `Release_Month` (
  `Month_id` BIGINT PRIMARY KEY,
  `Month_name` VARCHAR(1024) NOT NULL
)
;
INSERT INTO `Release_Month` VALUES
(1,'January'),
(2,'February'),
(3,'March'),
(4,'April'),
(5,'May'),
(6,'June'),
(7,'July'),
(8,'August'),
(9,'September'),
(10,'October'),
(11,'November'),
(12,'December')
;
CREATE TABLE `Release_month_movies` (
  `MR_ID` VARCHAR(64) PRIMARY KEY,
  `Month_id` BIGINT,
  `country_id` INT,
  `Genre_id` INT,
  `No_of_mv_released` BIGINT,
    CONSTRAINT fk_Month_id FOREIGN KEY (Month_id)
        REFERENCES Release_Month (Month_id),
          CONSTRAINT fk6_country_id FOREIGN KEY (country_id)
        REFERENCES Country (country_id),
          CONSTRAINT fk3_Genre_id FOREIGN KEY (Genre_id)
        REFERENCES Genre (Genre_id)
);


INSERT INTO `Release_month_movies` VALUES
(1,1,1,1,182),
(2,2,1,1,151),
(3,3,1,1,49),
(4,4,1,1,62),
(5,5,1,1,142),
(6,6,1,1,127),
(7,7,1,1,23),
(8,8,1,1,79),
(9,9,1,1,109),
(10,10,1,1,20),
(11,11,1,1,3),
(12,12,1,1,7),
(13,1,2,1,182),
(14,2,2,1,151),
(15,3,2,1,49),
(16,4,2,1,62),
(17,5,2,1,142),
(18,6,2,1,127),
(19,7,2,1,23),
(20,8,2,1,79),
(21,9,2,1,109),
(22,10,2,1,20),
(23,11,2,1,3),
(24,12,2,1,7),
(25,1,3,1,115),
(26,2,3,1,281),
(27,3,3,1,176),
(28,4,3,1,250),
(29,5,3,1,57),
(30,6,3,1,84),
(31,7,3,1,60),
(32,8,3,1,13),
(33,9,3,1,105),
(34,10,3,1,42),
(35,11,3,1,24),
(36,12,3,1,61),
(37,1,4,1,54),
(38,2,4,1,157),
(39,3,4,1,138),
(40,4,4,1,94),
(41,5,4,1,70),
(42,6,4,1,123),
(43,7,4,1,104),
(44,8,4,1,57),
(45,9,4,1,36),
(46,10,4,1,98),
(47,11,4,1,63),
(48,12,4,1,4),
(49,1,5,1,66),
(50,2,5,1,167),
(51,3,5,1,127),
(52,4,5,1,93),
(53,5,5,1,133),
(54,6,5,1,65),
(55,7,5,1,109),
(56,8,5,1,129),
(57,9,5,1,41),
(58,10,5,1,45),
(59,11,5,1,12),
(60,12,5,1,93),
(61,1,6,1,89),
(62,2,6,1,51),
(63,3,6,1,112),
(64,4,6,1,144),
(65,5,6,1,77),
(66,6,6,1,55),
(67,7,6,1,126),
(68,8,6,1,22),
(69,9,6,1,66),
(70,10,6,1,134),
(71,11,6,1,63),
(72,12,6,1,75),
(73,1,7,1,234),
(74,2,7,1,105),
(75,3,7,1,72),
(76,4,7,1,178),
(77,5,7,1,218),
(78,6,7,1,41),
(79,7,7,1,150),
(80,8,7,1,79),
(81,9,7,1,82),
(82,10,7,1,44),
(83,11,7,1,82),
(84,12,7,1,194),
(85,1,8,1,129),
(86,2,8,1,280),
(87,3,8,1,145),
(88,4,8,1,197),
(89,5,8,1,243),
(90,6,8,1,135),
(91,7,8,1,158),
(92,8,8,1,165),
(93,9,8,1,131),
(94,10,8,1,43),
(95,11,8,1,60),
(96,12,8,1,262),
(97,1,9,1,179),
(98,2,9,1,198),
(99,3,9,1,95),
(100,4,9,1,130),
(101,5,9,1,168),
(102,6,9,1,72),
(103,7,9,1,204),
(104,8,9,1,61),
(105,9,9,1,67),
(106,10,9,1,157),
(107,11,9,1,81),
(108,12,9,1,127),
(109,1,10,1,106),
(110,2,10,1,125),
(111,3,10,1,142),
(112,4,10,1,201),
(113,5,10,1,85),
(114,6,10,1,14),
(115,7,10,1,112),
(116,8,10,1,162),
(117,9,10,1,138),
(118,10,10,1,13),
(119,11,10,1,16),
(120,12,10,1,64),
(121,1,11,1,87),
(122,2,11,1,112),
(123,3,11,1,70),
(124,4,11,1,110),
(125,5,11,1,90),
(126,6,11,1,8),
(127,7,11,1,92),
(128,8,11,1,147),
(129,9,11,1,141),
(130,10,11,1,34),
(131,11,11,1,33),
(132,12,11,1,76),
(133,1,12,1,50),
(134,2,12,1,14),
(135,3,12,1,6),
(136,4,12,1,67),
(137,5,12,1,58),
(138,6,12,1,28),
(139,7,12,1,37),
(140,8,12,1,43),
(141,9,12,1,42),
(142,10,12,1,53),
(143,11,12,1,19),
(144,12,12,1,37),
(145,12,13,1,116),
(146,1,13,1,114),
(147,2,13,1,93),
(148,3,13,1,170),
(149,4,13,1,182),
(150,5,13,1,164),
(151,6,13,1,8),
(152,7,13,1,93),
(153,8,13,1,129),
(154,9,13,1,70),
(155,10,13,1,206),
(156,11,13,1,121),
(157,1,14,1,95),
(158,2,14,1,17),
(159,3,14,1,104),
(160,4,14,1,58),
(161,5,14,1,12),
(162,6,14,1,123),
(163,7,14,1,44),
(164,8,14,1,37),
(165,9,14,1,5),
(166,10,14,1,144),
(167,11,14,1,145),
(168,12,14,1,127),
(169,1,15,1,38),
(170,2,15,1,74),
(171,3,15,1,61),
(172,4,15,1,81),
(173,5,15,1,72),
(174,6,15,1,31),
(175,7,15,1,155),
(176,8,15,1,92),
(177,9,15,1,158),
(178,10,15,1,31),
(179,11,15,1,51),
(180,12,15,1,154),
(181,1,16,1,193),
(182,2,16,1,55),
(183,3,16,1,90),
(184,4,16,1,234),
(185,5,16,1,188),
(186,6,16,1,130),
(187,7,16,1,27),
(188,8,16,1,117),
(189,9,16,1,32),
(190,10,16,1,32),
(191,11,16,1,33),
(192,12,16,1,159),
(193,9,17,1,114),
(194,1,17,1,41),
(195,2,17,1,82),
(196,3,17,1,126),
(197,4,17,1,34),
(198,5,17,1,121),
(199,6,17,1,46),
(200,7,17,1,30),
(201,8,17,1,39),
(202,10,17,1,22),
(203,11,17,1,104),
(204,12,17,1,51),
(205,6,18,1,32),
(206,1,18,1,24),
(207,2,18,1,180),
(208,3,18,1,12),
(209,4,18,1,20),
(210,5,18,1,13),
(211,7,18,1,110),
(212,8,18,1,170),
(213,9,18,1,181),
(214,10,18,1,149),
(215,11,18,1,20),
(216,12,18,1,179),
(217,1,19,1,84),
(218,2,19,1,3),
(219,3,19,1,51),
(220,4,19,1,160),
(221,5,19,1,113),
(222,6,19,1,110),
(223,7,19,1,158),
(224,8,19,1,9),
(225,9,19,1,121),
(226,10,19,1,101),
(227,11,19,1,141),
(228,12,19,1,84),
(229,1,20,1,138),
(230,2,20,1,127),
(231,3,20,1,98),
(232,4,20,1,105),
(233,5,20,1,135),
(234,6,20,1,2),
(235,7,20,1,139),
(236,8,20,1,114),
(237,9,20,1,43),
(238,10,20,1,87),
(239,11,20,1,166),
(240,12,20,1,78),
(241,1,21,1,97),
(242,2,21,1,51),
(243,3,21,1,96),
(244,4,21,1,17),
(245,5,21,1,5),
(246,6,21,1,129),
(247,7,21,1,7),
(248,8,21,1,105),
(249,9,21,1,88),
(250,10,21,1,117),
(251,11,21,1,117),
(252,12,21,1,124),
(253,1,22,1,36),
(254,2,22,1,136),
(255,3,22,1,11),
(256,4,22,1,38),
(257,5,22,1,123),
(258,6,22,1,113),
(259,7,22,1,124),
(260,8,22,1,14),
(261,9,22,1,179),
(262,10,22,1,55),
(263,11,22,1,58),
(264,12,22,1,67),
(265,1,23,1,15),
(266,2,23,1,101),
(267,3,23,1,81),
(268,4,23,1,141),
(269,5,23,1,80),
(270,6,23,1,51),
(271,7,23,1,44),
(272,8,23,1,87),
(273,9,23,1,145),
(274,10,23,1,19),
(275,11,23,1,133),
(276,12,23,1,101),
(277,2,24,1,122),
(278,1,24,1,75),
(279,3,24,1,18),
(280,4,24,1,57),
(281,5,24,1,111),
(282,6,24,1,116),
(283,7,24,1,107),
(284,8,24,1,26),
(285,9,24,1,115),
(286,10,24,1,90),
(287,11,24,1,42),
(288,12,24,1,70),
(289,1,25,1,25),
(290,2,25,1,32),
(291,3,25,1,178),
(292,4,25,1,166),
(293,5,25,1,176),
(294,6,25,1,98),
(295,7,25,1,143),
(296,8,25,1,161),
(297,9,25,1,126),
(298,10,25,1,172),
(299,11,25,1,89),
(300,12,25,1,9),
(301,1,26,1,18),
(302,2,26,1,134),
(303,3,26,1,136),
(304,4,26,1,169),
(305,5,26,1,128),
(306,6,26,1,170),
(307,7,26,1,117),
(308,8,26,1,55),
(309,9,26,1,93),
(310,10,26,1,5),
(311,11,26,1,213),
(312,12,26,1,39),
(313,1,27,1,162),
(314,2,27,1,36),
(315,3,27,1,256),
(316,4,27,1,13),
(317,5,27,1,25),
(318,6,27,1,16),
(319,7,27,1,76),
(320,8,27,1,238),
(321,9,27,1,24),
(322,10,27,1,55),
(323,11,27,1,134),
(324,12,27,1,135),
(325,1,28,1,35),
(326,2,28,1,67),
(327,3,28,1,42),
(328,4,28,1,129),
(329,5,28,1,28),
(330,6,28,1,22),
(331,7,28,1,92),
(332,8,28,1,71),
(333,9,28,1,147),
(334,10,28,1,15),
(335,11,28,1,42),
(336,12,28,1,86),
(337,6,29,1,3),
(338,1,29,1,12),
(339,2,29,1,74),
(340,3,29,1,8),
(341,4,29,1,74),
(342,5,29,1,177),
(343,7,29,1,182),
(344,8,29,1,182),
(345,9,29,1,168),
(346,10,29,1,142),
(347,11,29,1,134),
(348,12,29,1,141),
(349,1,30,1,39),
(350,2,30,1,145),
(351,3,30,1,139),
(352,4,30,1,104),
(353,5,30,1,166),
(354,6,30,1,74),
(355,7,30,1,68),
(356,8,30,1,80),
(357,9,30,1,26),
(358,10,30,1,140),
(359,11,30,1,30),
(360,12,30,1,132),
(361,1,31,1,67),
(362,2,31,1,69),
(363,3,31,1,143),
(364,4,31,1,128),
(365,5,31,1,123),
(366,6,31,1,45),
(367,7,31,1,134),
(368,8,31,1,32),
(369,9,31,1,18),
(370,10,31,1,72),
(371,11,31,1,102),
(372,12,31,1,103),
(373,5,32,1,154),
(374,1,32,1,154),
(375,2,32,1,58),
(376,3,32,1,149),
(377,4,32,1,8),
(378,6,32,1,137),
(379,7,32,1,75),
(380,8,32,1,124),
(381,9,32,1,12),
(382,10,32,1,5),
(383,11,32,1,112),
(384,12,32,1,105),
(385,7,33,1,233),
(386,1,33,1,24),
(387,2,33,1,122),
(388,3,33,1,52),
(389,4,33,1,64),
(390,5,33,1,197),
(391,6,33,1,46),
(392,8,33,1,309),
(393,9,33,1,39),
(394,10,33,1,47),
(395,11,33,1,11),
(396,12,33,1,147),
(397,1,34,1,55),
(398,2,34,1,37),
(399,3,34,1,64),
(400,4,34,1,45),
(401,5,34,1,57),
(402,6,34,1,40),
(403,7,34,1,57),
(404,8,34,1,17),
(405,9,34,1,52),
(406,10,34,1,26),
(407,11,34,1,79),
(408,12,34,1,82),
(409,1,35,1,90),
(410,2,35,1,182),
(411,3,35,1,195),
(412,4,35,1,50),
(413,5,35,1,140),
(414,6,35,1,196),
(415,7,35,1,111),
(416,8,35,1,125),
(417,9,35,1,41),
(418,10,35,1,100),
(419,11,35,1,4),
(420,12,35,1,58),
(421,1,36,1,10),
(422,2,36,1,98),
(423,3,36,1,147),
(424,4,36,1,150),
(425,5,36,1,151),
(426,6,36,1,92),
(427,7,36,1,29),
(428,8,36,1,67),
(429,9,36,1,165),
(430,10,36,1,92),
(431,11,36,1,151),
(432,12,36,1,38),
(433,1,37,1,64),
(434,2,37,1,177),
(435,3,37,1,43),
(436,4,37,1,92),
(437,5,37,1,110),
(438,6,37,1,2),
(439,7,37,1,129),
(440,8,37,1,14),
(441,9,37,1,94),
(442,10,37,1,166),
(443,11,37,1,96),
(444,12,37,1,11),
(445,1,38,1,100),
(446,2,38,1,53),
(447,3,38,1,1),
(448,4,38,1,54),
(449,5,38,1,23),
(450,6,38,1,92),
(451,7,38,1,32),
(452,8,38,1,46),
(453,9,38,1,119),
(454,10,38,1,121),
(455,11,38,1,90),
(456,12,38,1,56),
(457,1,39,1,124),
(458,2,39,1,148),
(459,3,39,1,109),
(460,4,39,1,93),
(461,5,39,1,69),
(462,6,39,1,49),
(463,7,39,1,111),
(464,8,39,1,9),
(465,9,39,1,71),
(466,10,39,1,73),
(467,11,39,1,152),
(468,12,39,1,153),
(469,1,40,1,46),
(470,2,40,1,33),
(471,3,40,1,38),
(472,4,40,1,15),
(473,5,40,1,78),
(474,6,40,1,100),
(475,7,40,1,218),
(476,8,40,1,43),
(477,9,40,1,202),
(478,10,40,1,209),
(479,11,40,1,43),
(480,12,40,1,50),
(481,1,41,1,122),
(482,2,41,1,118),
(483,3,41,1,1),
(484,4,41,1,69),
(485,5,41,1,73),
(486,6,41,1,33),
(487,7,41,1,98),
(488,8,41,1,61),
(489,9,41,1,259),
(490,10,41,1,80),
(491,11,41,1,108),
(492,12,41,1,195),
(493,1,42,1,1),
(494,2,42,1,5),
(495,3,42,1,118),
(496,4,42,1,72),
(497,5,42,1,103),
(498,6,42,1,124),
(499,7,42,1,124),
(500,8,42,1,23),
(501,9,42,1,77),
(502,10,42,1,49),
(503,11,42,1,124),
(504,12,42,1,87),
(505,1,43,1,87),
(506,2,43,1,107),
(507,3,43,1,51),
(508,4,43,1,91),
(509,5,43,1,31),
(510,6,43,1,37),
(511,7,43,1,53),
(512,8,43,1,85),
(513,9,43,1,9),
(514,10,43,1,96),
(515,11,43,1,205),
(516,12,43,1,108),
(517,9,44,1,10),
(518,1,44,1,125),
(519,2,44,1,45),
(520,3,44,1,157),
(521,4,44,1,148),
(522,5,44,1,68),
(523,6,44,1,26),
(524,7,44,1,130),
(525,8,44,1,92),
(526,10,44,1,49),
(527,11,44,1,121),
(528,12,44,1,27),
(529,1,45,1,12),
(530,2,45,1,13),
(531,3,45,1,193),
(532,4,45,1,102),
(533,5,45,1,193),
(534,6,45,1,113),
(535,7,45,1,66),
(536,8,45,1,45),
(537,9,45,1,193),
(538,10,45,1,170),
(539,11,45,1,24),
(540,12,45,1,147),
(541,1,46,1,79),
(542,2,46,1,68),
(543,3,46,1,118),
(544,4,46,1,147),
(545,5,46,1,118),
(546,6,46,1,93),
(547,7,46,1,65),
(548,8,46,1,72),
(549,9,46,1,5),
(550,10,46,1,41),
(551,11,46,1,67),
(552,12,46,1,148),
(553,1,47,1,65),
(554,2,47,1,20),
(555,3,47,1,31),
(556,4,47,1,45),
(557,5,47,1,176),
(558,6,47,1,136),
(559,7,47,1,114),
(560,8,47,1,191),
(561,9,47,1,102),
(562,10,47,1,56),
(563,11,47,1,20),
(564,12,47,1,52),
(565,1,48,1,155),
(566,2,48,1,2),
(567,3,48,1,140),
(568,4,48,1,124),
(569,5,48,1,33),
(570,6,48,1,8),
(571,7,48,1,140),
(572,8,48,1,144),
(573,9,48,1,28),
(574,10,48,1,65),
(575,11,48,1,104),
(576,12,48,1,118),
(577,1,49,1,134),
(578,2,49,1,163),
(579,3,49,1,1),
(580,4,49,1,101),
(581,5,49,1,27),
(582,6,49,1,155),
(583,7,49,1,27),
(584,8,49,1,153),
(585,9,49,1,47),
(586,10,49,1,99),
(587,11,49,1,87),
(588,12,49,1,147),
(589,8,50,1,28),
(590,1,50,1,18),
(591,2,50,1,20),
(592,3,50,1,61),
(593,4,50,1,39),
(594,5,50,1,28),
(595,6,50,1,6),
(596,7,50,1,69),
(597,9,50,1,52),
(598,10,50,1,64),
(599,11,50,1,52),
(600,12,50,1,26),
(601,1,51,1,125),
(602,2,51,1,82),
(603,3,51,1,78),
(604,4,51,1,11),
(605,5,51,1,212),
(606,6,51,1,215),
(607,7,51,1,14),
(608,8,51,1,81),
(609,9,51,1,130),
(610,10,51,1,155),
(611,11,51,1,134),
(612,12,51,1,23),
(613,5,52,1,158),
(614,1,52,1,26),
(615,2,52,1,141),
(616,3,52,1,151),
(617,4,52,1,93),
(618,6,52,1,140),
(619,7,52,1,160),
(620,8,52,1,135),
(621,9,52,1,38),
(622,10,52,1,45),
(623,11,52,1,159),
(624,12,52,1,160),
(625,1,53,1,135),
(626,2,53,1,126),
(627,3,53,1,44),
(628,4,53,1,99),
(629,5,53,1,47),
(630,6,53,1,71),
(631,7,53,1,100),
(632,8,53,1,135),
(633,9,53,1,97),
(634,10,53,1,131),
(635,11,53,1,39),
(636,12,53,1,124),
(637,2,54,1,157),
(638,1,54,1,177),
(639,3,54,1,18),
(640,4,54,1,28),
(641,5,54,1,136),
(642,6,54,1,28),
(643,7,54,1,23),
(644,8,54,1,133),
(645,9,54,1,91),
(646,10,54,1,12),
(647,11,54,1,111),
(648,12,54,1,125),
(649,1,55,1,85),
(650,2,55,1,12),
(651,3,55,1,10),
(652,4,55,1,146),
(653,5,55,1,51),
(654,6,55,1,141),
(655,7,55,1,88),
(656,8,55,1,125),
(657,9,55,1,176),
(658,10,55,1,10),
(659,11,55,1,67),
(660,12,55,1,136),
(661,5,56,1,7),
(662,1,56,1,62),
(663,2,56,1,67),
(664,3,56,1,59),
(665,4,56,1,167),
(666,6,56,1,63),
(667,7,56,1,59),
(668,8,56,1,77),
(669,9,56,1,168),
(670,10,56,1,17),
(671,11,56,1,27),
(672,12,56,1,98),
(673,11,57,1,3),
(674,1,57,1,166),
(675,2,57,1,143),
(676,3,57,1,112),
(677,4,57,1,68),
(678,5,57,1,6),
(679,6,57,1,61),
(680,7,57,1,104),
(681,8,57,1,168),
(682,9,57,1,54),
(683,10,57,1,89),
(684,12,57,1,126),
(685,10,58,1,160),
(686,1,58,1,118),
(687,2,58,1,118),
(688,3,58,1,39),
(689,4,58,1,106),
(690,5,58,1,23),
(691,6,58,1,146),
(692,7,58,1,28),
(693,8,58,1,114),
(694,9,58,1,48),
(695,11,58,1,111),
(696,12,58,1,10),
(697,1,59,1,91),
(698,2,59,1,113),
(699,3,59,1,108),
(700,4,59,1,114),
(701,5,59,1,105),
(702,6,59,1,67),
(703,7,59,1,36),
(704,8,59,1,63),
(705,9,59,1,48),
(706,10,59,1,123),
(707,11,59,1,35),
(708,12,59,1,85),
(709,10,60,1,34),
(710,1,60,1,108),
(711,2,60,1,134),
(712,3,60,1,79),
(713,4,60,1,66),
(714,5,60,1,61),
(715,6,60,1,108),
(716,7,60,1,55),
(717,8,60,1,82),
(718,9,60,1,76),
(719,11,60,1,91),
(720,12,60,1,34),
(721,1,61,1,77),
(722,2,61,1,55),
(723,3,61,1,119),
(724,4,61,1,164),
(725,5,61,1,129),
(726,6,61,1,43),
(727,7,61,1,114),
(728,8,61,1,134),
(729,9,61,1,81),
(730,10,61,1,59),
(731,11,61,1,5),
(732,12,61,1,86),
(733,1,62,1,71),
(734,2,62,1,10),
(735,3,62,1,61),
(736,4,62,1,220),
(737,5,62,1,166),
(738,6,62,1,207),
(739,7,62,1,27),
(740,8,62,1,17),
(741,9,62,1,269),
(742,10,62,1,2),
(743,11,62,1,135),
(744,12,62,1,143),
(745,10,63,1,180),
(746,1,63,1,68),
(747,2,63,1,44),
(748,3,63,1,36),
(749,4,63,1,186),
(750,5,63,1,149),
(751,6,63,1,96),
(752,7,63,1,18),
(753,8,63,1,47),
(754,9,63,1,171),
(755,11,63,1,155),
(756,12,63,1,12),
(757,1,64,1,58),
(758,2,64,1,116),
(759,3,64,1,134),
(760,4,64,1,12),
(761,5,64,1,120),
(762,6,64,1,22),
(763,7,64,1,4),
(764,8,64,1,106),
(765,9,64,1,127),
(766,10,64,1,137),
(767,11,64,1,109),
(768,12,64,1,52),
(769,1,65,1,135),
(770,2,65,1,79),
(771,3,65,1,22),
(772,4,65,1,70),
(773,5,65,1,119),
(774,6,65,1,76),
(775,7,65,1,116),
(776,8,65,1,76),
(777,9,65,1,25),
(778,10,65,1,95),
(779,11,65,1,28),
(780,12,65,1,118),
(781,1,1,2,198),
(782,2,1,2,215),
(783,3,1,2,162),
(784,4,1,2,146),
(785,5,1,2,69),
(786,6,1,2,186),
(787,7,1,2,106),
(788,8,1,2,118),
(789,9,1,2,113),
(790,10,1,2,20),
(791,11,1,2,13),
(792,12,1,2,82),
(793,1,2,2,198),
(794,2,2,2,215),
(795,3,2,2,162),
(796,4,2,2,146),
(797,5,2,2,69),
(798,6,2,2,186),
(799,7,2,2,106),
(800,8,2,2,118),
(801,9,2,2,113),
(802,10,2,2,20),
(803,11,2,2,13),
(804,12,2,2,82),
(805,1,3,2,326),
(806,2,3,2,197),
(807,3,3,2,146),
(808,4,3,2,269),
(809,5,3,2,182),
(810,6,3,2,228),
(811,7,3,2,146),
(812,8,3,2,137),
(813,9,3,2,198),
(814,10,3,2,162),
(815,11,3,2,45),
(816,12,3,2,46),
(817,1,4,2,214),
(818,2,4,2,128),
(819,3,4,2,142),
(820,4,4,2,122),
(821,5,4,2,195),
(822,6,4,2,86),
(823,7,4,2,78),
(824,8,4,2,48),
(825,9,4,2,163),
(826,10,4,2,107),
(827,11,4,2,135),
(828,12,4,2,99),
(829,1,5,2,186),
(830,2,5,2,228),
(831,3,5,2,241),
(832,4,5,2,98),
(833,5,5,2,45),
(834,6,5,2,202),
(835,7,5,2,106),
(836,8,5,2,137),
(837,9,5,2,117),
(838,10,5,2,122),
(839,11,5,2,135),
(840,12,5,2,80),
(841,1,6,2,157),
(842,2,6,2,216),
(843,3,6,2,104),
(844,4,6,2,121),
(845,5,6,2,9),
(846,6,6,2,135),
(847,7,6,2,57),
(848,8,6,2,172),
(849,9,6,2,139),
(850,10,6,2,208),
(851,11,6,2,95),
(852,12,6,2,179),
(853,1,7,2,302),
(854,2,7,2,127),
(855,3,7,2,166),
(856,4,7,2,178),
(857,5,7,2,298),
(858,6,7,2,221),
(859,7,7,2,277),
(860,8,7,2,77),
(861,9,7,2,97),
(862,10,7,2,34),
(863,11,7,2,65),
(864,12,7,2,237),
(865,1,8,2,212),
(866,2,8,2,309),
(867,3,8,2,270),
(868,4,8,2,156),
(869,5,8,2,150),
(870,6,8,2,203),
(871,7,8,2,260),
(872,8,8,2,136),
(873,9,8,2,180),
(874,10,8,2,113),
(875,11,8,2,79),
(876,12,8,2,266),
(877,1,9,2,93),
(878,2,9,2,94),
(879,3,9,2,203),
(880,4,9,2,64),
(881,5,9,2,148),
(882,6,9,2,223),
(883,7,9,2,41),
(884,8,9,2,61),
(885,9,9,2,97),
(886,10,9,2,312),
(887,11,9,2,125),
(888,12,9,2,189),
(889,1,10,2,208),
(890,2,10,2,69),
(891,3,10,2,134),
(892,4,10,2,77),
(893,5,10,2,225),
(894,6,10,2,107),
(895,7,10,2,271),
(896,8,10,2,156),
(897,9,10,2,199),
(898,10,10,2,101),
(899,11,10,2,34),
(900,12,10,2,96),
(901,1,11,2,41),
(902,2,11,2,198),
(903,3,11,2,169),
(904,4,11,2,38),
(905,5,11,2,166),
(906,6,11,2,86),
(907,7,11,2,24),
(908,8,11,2,203),
(909,9,11,2,117),
(910,10,11,2,215),
(911,11,11,2,213),
(912,12,11,2,28),
(913,1,12,2,90),
(914,2,12,2,6),
(915,3,12,2,2),
(916,4,12,2,80),
(917,5,12,2,104),
(918,6,12,2,69),
(919,7,12,2,44),
(920,8,12,2,98),
(921,9,12,2,104),
(922,10,12,2,61),
(923,11,12,2,5),
(924,12,12,2,19),
(925,12,13,2,347),
(926,1,13,2,81),
(927,2,13,2,177),
(928,3,13,2,36),
(929,4,13,2,1),
(930,5,13,2,31),
(931,6,13,2,195),
(932,7,13,2,401),
(933,8,13,2,15),
(934,9,13,2,337),
(935,10,13,2,403),
(936,11,13,2,172),
(937,1,14,2,247),
(938,2,14,2,14),
(939,3,14,2,155),
(940,4,14,2,62),
(941,5,14,2,74),
(942,6,14,2,14),
(943,7,14,2,116),
(944,8,14,2,160),
(945,9,14,2,113),
(946,10,14,2,96),
(947,11,14,2,88),
(948,12,14,2,228),
(949,1,15,2,245),
(950,2,15,2,45),
(951,3,15,2,140),
(952,4,15,2,228),
(953,5,15,2,261),
(954,6,15,2,4),
(955,7,15,2,5),
(956,8,15,2,174),
(957,9,15,2,54),
(958,10,15,2,163),
(959,11,15,2,21),
(960,12,15,2,157),
(961,1,16,2,193),
(962,2,16,2,80),
(963,3,16,2,48),
(964,4,16,2,219),
(965,5,16,2,200),
(966,6,16,2,156),
(967,7,16,2,82),
(968,8,16,2,232),
(969,9,16,2,208),
(970,10,16,2,168),
(971,11,16,2,221),
(972,12,16,2,129),
(973,9,17,2,201),
(974,1,17,2,144),
(975,2,17,2,23),
(976,3,17,2,174),
(977,4,17,2,130),
(978,5,17,2,186),
(979,6,17,2,12),
(980,7,17,2,11),
(981,8,17,2,4),
(982,10,17,2,112),
(983,11,17,2,189),
(984,12,17,2,26),
(985,6,18,2,212),
(986,1,18,2,79),
(987,2,18,2,141),
(988,3,18,2,183),
(989,4,18,2,77),
(990,5,18,2,109),
(991,7,18,2,97),
(992,8,18,2,43),
(993,9,18,2,216),
(994,10,18,2,105),
(995,11,18,2,228),
(996,12,18,2,144),
(997,1,19,2,10),
(998,2,19,2,163),
(999,3,19,2,14),
(1000,4,19,2,156),
(1001,5,19,2,189),
(1002,6,19,2,139),
(1003,7,19,2,226),
(1004,8,19,2,17),
(1005,9,19,2,214),
(1006,10,19,2,201),
(1007,11,19,2,131),
(1008,12,19,2,242),
(1009,1,20,2,127),
(1010,2,20,2,226),
(1011,3,20,2,252),
(1012,4,20,2,295),
(1013,5,20,2,341),
(1014,6,20,2,139),
(1015,7,20,2,55),
(1016,8,20,2,86),
(1017,9,20,2,4),
(1018,10,20,2,100),
(1019,11,20,2,142),
(1020,12,20,2,83),
(1021,1,21,2,54),
(1022,2,21,2,192),
(1023,3,21,2,201),
(1024,4,21,2,196),
(1025,5,21,2,52),
(1026,6,21,2,97),
(1027,7,21,2,92),
(1028,8,21,2,91),
(1029,9,21,2,131),
(1030,10,21,2,76),
(1031,11,21,2,137),
(1032,12,21,2,113),
(1033,1,22,2,78),
(1034,2,22,2,155),
(1035,3,22,2,54),
(1036,4,22,2,118),
(1037,5,22,2,131),
(1038,6,22,2,15),
(1039,7,22,2,150),
(1040,8,22,2,135),
(1041,9,22,2,138),
(1042,10,22,2,135),
(1043,11,22,2,131),
(1044,12,22,2,192),
(1045,1,23,2,116),
(1046,2,23,2,75),
(1047,3,23,2,56),
(1048,4,23,2,114),
(1049,5,23,2,52),
(1050,6,23,2,175),
(1051,7,23,2,189),
(1052,8,23,2,165),
(1053,9,23,2,80),
(1054,10,23,2,144),
(1055,11,23,2,169),
(1056,12,23,2,163),
(1057,2,24,2,166),
(1058,1,24,2,68),
(1059,3,24,2,84),
(1060,4,24,2,132),
(1061,5,24,2,116),
(1062,6,24,2,113),
(1063,7,24,2,151),
(1064,8,24,2,96),
(1065,9,24,2,88),
(1066,10,24,2,172),
(1067,11,24,2,44),
(1068,12,24,2,194),
(1069,1,25,2,162),
(1070,2,25,2,149),
(1071,3,25,2,432),
(1072,4,25,2,92),
(1073,5,25,2,50),
(1074,6,25,2,131),
(1075,7,25,2,227),
(1076,8,25,2,295),
(1077,9,25,2,98),
(1078,10,25,2,24),
(1079,11,25,2,346),
(1080,12,25,2,58),
(1081,1,26,2,328),
(1082,2,26,2,167),
(1083,3,26,2,226),
(1084,4,26,2,146),
(1085,5,26,2,344),
(1086,6,26,2,102),
(1087,7,26,2,286),
(1088,8,26,2,30),
(1089,9,26,2,77),
(1090,10,26,2,89),
(1091,11,26,2,99),
(1092,12,26,2,22),
(1093,1,27,2,242),
(1094,2,27,2,219),
(1095,3,27,2,207),
(1096,4,27,2,9),
(1097,5,27,2,342),
(1098,6,27,2,151),
(1099,7,27,2,145),
(1100,8,27,2,27),
(1101,9,27,2,162),
(1102,10,27,2,231),
(1103,11,27,2,5),
(1104,12,27,2,13),
(1105,1,28,2,85),
(1106,2,28,2,109),
(1107,3,28,2,113),
(1108,4,28,2,75),
(1109,5,28,2,67),
(1110,6,28,2,127),
(1111,7,28,2,43),
(1112,8,28,2,113),
(1113,9,28,2,57),
(1114,10,28,2,110),
(1115,11,28,2,129),
(1116,12,28,2,138),
(1117,6,29,2,193),
(1118,1,29,2,46),
(1119,2,29,2,114),
(1120,3,29,2,112),
(1121,4,29,2,247),
(1122,5,29,2,132),
(1123,7,29,2,226),
(1124,8,29,2,20),
(1125,9,29,2,248),
(1126,10,29,2,211),
(1127,11,29,2,140),
(1128,12,29,2,256),
(1129,1,30,2,150),
(1130,2,30,2,56),
(1131,3,30,2,9),
(1132,4,30,2,46),
(1133,5,30,2,234),
(1134,6,30,2,169),
(1135,7,30,2,139),
(1136,8,30,2,270),
(1137,9,30,2,21),
(1138,10,30,2,124),
(1139,11,30,2,252),
(1140,12,30,2,245),
(1141,1,31,2,89),
(1142,2,31,2,162),
(1143,3,31,2,157),
(1144,4,31,2,207),
(1145,5,31,2,21),
(1146,6,31,2,227),
(1147,7,31,2,140),
(1148,8,31,2,120),
(1149,9,31,2,102),
(1150,10,31,2,135),
(1151,11,31,2,106),
(1152,12,31,2,88),
(1153,5,32,2,186),
(1154,1,32,2,123),
(1155,2,32,2,211),
(1156,3,32,2,116),
(1157,4,32,2,156),
(1158,6,32,2,45),
(1159,7,32,2,144),
(1160,8,32,2,29),
(1161,9,32,2,90),
(1162,10,32,2,176),
(1163,11,32,2,223),
(1164,12,32,2,144),
(1165,7,33,2,209),
(1166,1,33,2,130),
(1167,2,33,2,330),
(1168,3,33,2,320),
(1169,4,33,2,101),
(1170,5,33,2,251),
(1171,6,33,2,2),
(1172,8,33,2,59),
(1173,9,33,2,127),
(1174,10,33,2,84),
(1175,11,33,2,88),
(1176,12,33,2,233),
(1177,1,34,2,107),
(1178,2,34,2,21),
(1179,3,34,2,102),
(1180,4,34,2,98),
(1181,5,34,2,5),
(1182,6,34,2,30),
(1183,7,34,2,90),
(1184,8,34,2,91),
(1185,9,34,2,121),
(1186,10,34,2,100),
(1187,11,34,2,80),
(1188,12,34,2,69),
(1189,1,35,2,46),
(1190,2,35,2,233),
(1191,3,35,2,289),
(1192,4,35,2,56),
(1193,5,35,2,55),
(1194,6,35,2,233),
(1195,7,35,2,279),
(1196,8,35,2,172),
(1197,9,35,2,116),
(1198,10,35,2,172),
(1199,11,35,2,116),
(1200,12,35,2,172),
(1201,1,36,2,91),
(1202,2,36,2,106),
(1203,3,36,2,303),
(1204,4,36,2,85),
(1205,5,36,2,80),
(1206,6,36,2,91),
(1207,7,36,2,51),
(1208,8,36,2,144),
(1209,9,36,2,122),
(1210,10,36,2,50),
(1211,11,36,2,240),
(1212,12,36,2,424),
(1213,1,37,2,167),
(1214,2,37,2,81),
(1215,3,37,2,142),
(1216,4,37,2,174),
(1217,5,37,2,187),
(1218,6,37,2,209),
(1219,7,37,2,156),
(1220,8,37,2,34),
(1221,9,37,2,113),
(1222,10,37,2,47),
(1223,11,37,2,46),
(1224,12,37,2,142),
(1225,1,38,2,36),
(1226,2,38,2,35),
(1227,3,38,2,190),
(1228,4,38,2,142),
(1229,5,38,2,4),
(1230,6,38,2,125),
(1231,7,38,2,36),
(1232,8,38,2,48),
(1233,9,38,2,138),
(1234,10,38,2,227),
(1235,11,38,2,5),
(1236,12,38,2,195),
(1237,1,39,2,169),
(1238,2,39,2,190),
(1239,3,39,2,201),
(1240,4,39,2,202),
(1241,5,39,2,176),
(1242,6,39,2,67),
(1243,7,39,2,163),
(1244,8,39,2,22),
(1245,9,39,2,53),
(1246,10,39,2,129),
(1247,11,39,2,197),
(1248,12,39,2,172),
(1249,1,40,2,201),
(1250,2,40,2,92),
(1251,3,40,2,68),
(1252,4,40,2,254),
(1253,5,40,2,266),
(1254,6,40,2,78),
(1255,7,40,2,119),
(1256,8,40,2,127),
(1257,9,40,2,129),
(1258,10,40,2,12),
(1259,11,40,2,85),
(1260,12,40,2,182),
(1261,1,41,2,188),
(1262,2,41,2,188),
(1263,3,41,2,179),
(1264,4,41,2,327),
(1265,5,41,2,87),
(1266,6,41,2,174),
(1267,7,41,2,87),
(1268,8,41,2,113),
(1269,9,41,2,110),
(1270,10,41,2,32),
(1271,11,41,2,322),
(1272,12,41,2,17),
(1273,1,42,2,111),
(1274,2,42,2,22),
(1275,3,42,2,173),
(1276,4,42,2,106),
(1277,5,42,2,38),
(1278,6,42,2,53),
(1279,7,42,2,65),
(1280,8,42,2,195),
(1281,9,42,2,229),
(1282,10,42,2,72),
(1283,11,42,2,214),
(1284,12,42,2,80),
(1285,1,43,2,119),
(1286,2,43,2,194),
(1287,3,43,2,132),
(1288,4,43,2,198),
(1289,5,43,2,127),
(1290,6,43,2,27),
(1291,7,43,2,65),
(1292,8,43,2,172),
(1293,9,43,2,82),
(1294,10,43,2,82),
(1295,11,43,2,199),
(1296,12,43,2,41),
(1297,9,44,2,36),
(1298,1,44,2,79),
(1299,2,44,2,119),
(1300,3,44,2,108),
(1301,4,44,2,87),
(1302,5,44,2,193),
(1303,6,44,2,166),
(1304,7,44,2,110),
(1305,8,44,2,133),
(1306,10,44,2,198),
(1307,11,44,2,196),
(1308,12,44,2,70),
(1309,1,45,2,111),
(1310,2,45,2,192),
(1311,3,45,2,25),
(1312,4,45,2,235),
(1313,5,45,2,249),
(1314,6,45,2,209),
(1315,7,45,2,97),
(1316,8,45,2,207),
(1317,9,45,2,178),
(1318,10,45,2,167),
(1319,11,45,2,193),
(1320,12,45,2,47),
(1321,1,46,2,154),
(1322,2,46,2,154),
(1323,3,46,2,29),
(1324,4,46,2,176),
(1325,5,46,2,58),
(1326,6,46,2,179),
(1327,7,46,2,66),
(1328,8,46,2,171),
(1329,9,46,2,170),
(1330,10,46,2,115),
(1331,11,46,2,113),
(1332,12,46,2,149),
(1333,1,47,2,72),
(1334,2,47,2,306),
(1335,3,47,2,261),
(1336,4,47,2,9),
(1337,5,47,2,33),
(1338,6,47,2,13),
(1339,7,47,2,129),
(1340,8,47,2,19),
(1341,9,47,2,243),
(1342,10,47,2,37),
(1343,11,47,2,222),
(1344,12,47,2,172),
(1345,1,48,2,121),
(1346,2,48,2,156),
(1347,3,48,2,230),
(1348,4,48,2,195),
(1349,5,48,2,107),
(1350,6,48,2,13),
(1351,7,48,2,115),
(1352,8,48,2,127),
(1353,9,48,2,126),
(1354,10,48,2,146),
(1355,11,48,2,201),
(1356,12,48,2,55),
(1357,1,49,2,398),
(1358,2,49,2,227),
(1359,3,49,2,294),
(1360,4,49,2,114),
(1361,5,49,2,36),
(1362,6,49,2,217),
(1363,7,49,2,96),
(1364,8,49,2,47),
(1365,9,49,2,84),
(1366,10,49,2,12),
(1367,11,49,2,42),
(1368,12,49,2,148),
(1369,8,50,2,98),
(1370,1,50,2,65),
(1371,2,50,2,181),
(1372,3,50,2,12),
(1373,4,50,2,26),
(1374,5,50,2,49),
(1375,6,50,2,44),
(1376,7,50,2,12),
(1377,9,50,2,29),
(1378,10,50,2,66),
(1379,11,50,2,7),
(1380,12,50,2,103),
(1381,1,51,2,327),
(1382,2,51,2,277),
(1383,3,51,2,25),
(1384,4,51,2,237),
(1385,5,51,2,173),
(1386,6,51,2,19),
(1387,7,51,2,121),
(1388,8,51,2,157),
(1389,9,51,2,29),
(1390,10,51,2,250),
(1391,11,51,2,124),
(1392,12,51,2,151),
(1393,5,52,2,122),
(1394,1,52,2,157),
(1395,2,52,2,254),
(1396,3,52,2,224),
(1397,4,52,2,175),
(1398,6,52,2,222),
(1399,7,52,2,266),
(1400,8,52,2,150),
(1401,9,52,2,122),
(1402,10,52,2,20),
(1403,11,52,2,245),
(1404,12,52,2,155),
(1405,1,53,2,196),
(1406,2,53,2,107),
(1407,3,53,2,194),
(1408,4,53,2,174),
(1409,5,53,2,259),
(1410,6,53,2,62),
(1411,7,53,2,45),
(1412,8,53,2,287),
(1413,9,53,2,79),
(1414,10,53,2,2),
(1415,11,53,2,150),
(1416,12,53,2,167),
(1417,2,54,2,19),
(1418,1,54,2,183),
(1419,3,54,2,187),
(1420,4,54,2,108),
(1421,5,54,2,17),
(1422,6,54,2,179),
(1423,7,54,2,57),
(1424,8,54,2,280),
(1425,9,54,2,72),
(1426,10,54,2,151),
(1427,11,54,2,263),
(1428,12,54,2,45),
(1429,1,55,2,326),
(1430,2,55,2,33),
(1431,3,55,2,73),
(1432,4,55,2,133),
(1433,5,55,2,3),
(1434,6,55,2,138),
(1435,7,55,2,203),
(1436,8,55,2,227),
(1437,9,55,2,22),
(1438,10,55,2,41),
(1439,11,55,2,97),
(1440,12,55,2,274),
(1441,5,56,2,158),
(1442,1,56,2,154),
(1443,2,56,2,166),
(1444,3,56,2,141),
(1445,4,56,2,16),
(1446,6,56,2,85),
(1447,7,56,2,154),
(1448,8,56,2,28),
(1449,9,56,2,125),
(1450,10,56,2,39),
(1451,11,56,2,165),
(1452,12,56,2,76),
(1453,11,57,2,82),
(1454,1,57,2,77),
(1455,2,57,2,163),
(1456,3,57,2,231),
(1457,4,57,2,139),
(1458,5,57,2,62),
(1459,6,57,2,239),
(1460,7,57,2,211),
(1461,8,57,2,95),
(1462,9,57,2,172),
(1463,10,57,2,95),
(1464,12,57,2,85),
(1465,10,58,2,321),
(1466,1,58,2,63),
(1467,2,58,2,216),
(1468,3,58,2,352),
(1469,4,58,2,223),
(1470,5,58,2,52),
(1471,6,58,2,63),
(1472,7,58,2,38),
(1473,8,58,2,6),
(1474,9,58,2,68),
(1475,11,58,2,4),
(1476,12,58,2,127),
(1477,1,59,2,171),
(1478,2,59,2,202),
(1479,3,59,2,164),
(1480,4,59,2,205),
(1481,5,59,2,175),
(1482,6,59,2,19),
(1483,7,59,2,31),
(1484,8,59,2,88),
(1485,9,59,2,54),
(1486,10,59,2,11),
(1487,11,59,2,241),
(1488,12,59,2,124),
(1489,10,60,2,243),
(1490,1,60,2,9),
(1491,2,60,2,81),
(1492,3,60,2,125),
(1493,4,60,2,112),
(1494,5,60,2,112),
(1495,6,60,2,112),
(1496,7,60,2,165),
(1497,8,60,2,147),
(1498,9,60,2,64),
(1499,11,60,2,85),
(1500,12,60,2,136),
(1501,1,61,2,268),
(1502,2,61,2,94),
(1503,3,61,2,35),
(1504,4,61,2,175),
(1505,5,61,2,293),
(1506,6,61,2,83),
(1507,7,61,2,2),
(1508,8,61,2,118),
(1509,9,61,2,271),
(1510,10,61,2,82),
(1511,11,61,2,29),
(1512,12,61,2,150),
(1513,1,62,2,279),
(1514,2,62,2,314),
(1515,3,62,2,53),
(1516,4,62,2,11),
(1517,5,62,2,242),
(1518,6,62,2,287),
(1519,7,62,2,50),
(1520,8,62,2,188),
(1521,9,62,2,165),
(1522,10,62,2,272),
(1523,11,62,2,112),
(1524,12,62,2,20),
(1525,10,63,2,58),
(1526,1,63,2,143),
(1527,2,63,2,150),
(1528,3,63,2,50),
(1529,4,63,2,122),
(1530,5,63,2,116),
(1531,6,63,2,215),
(1532,7,63,2,224),
(1533,8,63,2,241),
(1534,9,63,2,163),
(1535,11,63,2,112),
(1536,12,63,2,151),
(1537,1,64,2,198),
(1538,2,64,2,112),
(1539,3,64,2,173),
(1540,4,64,2,61),
(1541,5,64,2,198),
(1542,6,64,2,15),
(1543,7,64,2,151),
(1544,8,64,2,48),
(1545,9,64,2,121),
(1546,10,64,2,49),
(1547,11,64,2,187),
(1548,12,64,2,183),
(1549,1,65,2,72),
(1550,2,65,2,38),
(1551,3,65,2,157),
(1552,4,65,2,3),
(1553,5,65,2,215),
(1554,6,65,2,34),
(1555,7,65,2,191),
(1556,8,65,2,220),
(1557,9,65,2,138),
(1558,10,65,2,80),
(1559,11,65,2,124),
(1560,12,65,2,168),
(1561,1,1,3,59),
(1562,2,1,3,92),
(1563,3,1,3,129),
(1564,4,1,3,20),
(1565,5,1,3,31),
(1566,6,1,3,174),
(1567,7,1,3,10),
(1568,8,1,3,61),
(1569,9,1,3,35),
(1570,10,1,3,11),
(1571,11,1,3,116),
(1572,12,1,3,36),
(1573,1,2,3,59),
(1574,2,2,3,92),
(1575,3,2,3,129),
(1576,4,2,3,20),
(1577,5,2,3,31),
(1578,6,2,3,174),
(1579,7,2,3,10),
(1580,8,2,3,61),
(1581,9,2,3,35),
(1582,10,2,3,11),
(1583,11,2,3,116),
(1584,12,2,3,36),
(1585,1,3,3,66),
(1586,2,3,3,119),
(1587,3,3,3,122),
(1588,4,3,3,99),
(1589,5,3,3,45),
(1590,6,3,3,41),
(1591,7,3,3,104),
(1592,8,3,3,120),
(1593,9,3,3,77),
(1594,10,3,3,19),
(1595,11,3,3,12),
(1596,12,3,3,122),
(1597,1,4,3,42),
(1598,2,4,3,106),
(1599,3,4,3,100),
(1600,4,4,3,93),
(1601,5,4,3,75),
(1602,6,4,3,45),
(1603,7,4,3,41),
(1604,8,4,3,51),
(1605,9,4,3,76),
(1606,10,4,3,71),
(1607,11,4,3,73),
(1608,12,4,3,76),
(1609,1,5,3,37),
(1610,2,5,3,62),
(1611,3,5,3,41),
(1612,4,5,3,136),
(1613,5,5,3,85),
(1614,6,5,3,38),
(1615,7,5,3,76),
(1616,8,5,3,63),
(1617,9,5,3,43),
(1618,10,5,3,97),
(1619,11,5,3,94),
(1620,12,5,3,97),
(1621,1,6,3,64),
(1622,2,6,3,83),
(1623,3,6,3,108),
(1624,4,6,3,45),
(1625,5,6,3,40),
(1626,6,6,3,32),
(1627,7,6,3,72),
(1628,8,6,3,36),
(1629,9,6,3,94),
(1630,10,6,3,68),
(1631,11,6,3,47),
(1632,12,6,3,87),
(1633,1,7,3,57),
(1634,2,7,3,88),
(1635,3,7,3,141),
(1636,4,7,3,27),
(1637,5,7,3,155),
(1638,6,7,3,30),
(1639,7,7,3,165),
(1640,8,7,3,46),
(1641,9,7,3,82),
(1642,10,7,3,177),
(1643,11,7,3,54),
(1644,12,7,3,78),
(1645,1,8,3,144),
(1646,2,8,3,81),
(1647,3,8,3,63),
(1648,4,8,3,168),
(1649,5,8,3,125),
(1650,6,8,3,55),
(1651,7,8,3,90),
(1652,8,8,3,126),
(1653,9,8,3,170),
(1654,10,8,3,55),
(1655,11,8,3,63),
(1656,12,8,3,56),
(1657,1,9,3,72),
(1658,2,9,3,198),
(1659,3,9,3,130),
(1660,4,9,3,44),
(1661,5,9,3,113),
(1662,6,9,3,65),
(1663,7,9,3,81),
(1664,8,9,3,54),
(1665,9,9,3,33),
(1666,10,9,3,28),
(1667,11,9,3,18),
(1668,12,9,3,23),
(1669,1,10,3,53),
(1670,2,10,3,72),
(1671,3,10,3,87),
(1672,4,10,3,17),
(1673,5,10,3,72),
(1674,6,10,3,6),
(1675,7,10,3,141),
(1676,8,10,3,41),
(1677,9,10,3,112),
(1678,10,10,3,20),
(1679,11,10,3,98),
(1680,12,10,3,30),
(1681,1,11,3,19),
(1682,2,11,3,12),
(1683,3,11,3,153),
(1684,4,11,3,1),
(1685,5,11,3,64),
(1686,6,11,3,7),
(1687,7,11,3,149),
(1688,8,11,3,122),
(1689,9,11,3,83),
(1690,10,11,3,40),
(1691,11,11,3,57),
(1692,12,11,3,42),
(1693,1,12,3,48),
(1694,2,12,3,24),
(1695,3,12,3,21),
(1696,4,12,3,42),
(1697,5,12,3,12),
(1698,6,12,3,45),
(1699,7,12,3,35),
(1700,8,12,3,7),
(1701,9,12,3,43),
(1702,10,12,3,2),
(1703,11,12,3,20),
(1704,12,12,3,41),
(1705,12,13,3,118),
(1706,1,13,3,68),
(1707,2,13,3,170),
(1708,3,13,3,15),
(1709,4,13,3,96),
(1710,5,13,3,23),
(1711,6,13,3,123),
(1712,7,13,3,119),
(1713,8,13,3,99),
(1714,9,13,3,79),
(1715,10,13,3,77),
(1716,11,13,3,112),
(1717,1,14,3,58),
(1718,2,14,3,5),
(1719,3,14,3,103),
(1720,4,14,3,63),
(1721,5,14,3,62),
(1722,6,14,3,80),
(1723,7,14,3,114),
(1724,8,14,3,62),
(1725,9,14,3,71),
(1726,10,14,3,21),
(1727,11,14,3,6),
(1728,12,14,3,39),
(1729,1,15,3,21),
(1730,2,15,3,2),
(1731,3,15,3,87),
(1732,4,15,3,87),
(1733,5,15,3,99),
(1734,6,15,3,83),
(1735,7,15,3,23),
(1736,8,15,3,90),
(1737,9,15,3,4),
(1738,10,15,3,72),
(1739,11,15,3,108),
(1740,12,15,3,71),
(1741,1,16,3,149),
(1742,2,16,3,114),
(1743,3,16,3,186),
(1744,4,16,3,37),
(1745,5,16,3,71),
(1746,6,16,3,29),
(1747,7,16,3,48),
(1748,8,16,3,12),
(1749,9,16,3,55),
(1750,10,16,3,107),
(1751,11,16,3,106),
(1752,12,16,3,53),
(1753,9,17,3,6),
(1754,1,17,3,61),
(1755,2,17,3,32),
(1756,3,17,3,98),
(1757,4,17,3,76),
(1758,5,17,3,8),
(1759,6,17,3,78),
(1760,7,17,3,29),
(1761,8,17,3,55),
(1762,10,17,3,46),
(1763,11,17,3,84),
(1764,12,17,3,35),
(1765,6,18,3,97),
(1766,1,18,3,113),
(1767,2,18,3,102),
(1768,3,18,3,38),
(1769,4,18,3,110),
(1770,5,18,3,58),
(1771,7,18,3,51),
(1772,8,18,3,36),
(1773,9,18,3,70),
(1774,10,18,3,49),
(1775,11,18,3,91),
(1776,12,18,3,2),
(1777,1,19,3,29),
(1778,2,19,3,21),
(1779,3,19,3,71),
(1780,4,19,3,80),
(1781,5,19,3,38),
(1782,6,19,3,108),
(1783,7,19,3,96),
(1784,8,19,3,116),
(1785,9,19,3,29),
(1786,10,19,3,121),
(1787,11,19,3,94),
(1788,12,19,3,48),
(1789,1,20,3,118),
(1790,2,20,3,121),
(1791,3,20,3,109),
(1792,4,20,3,88),
(1793,5,20,3,39),
(1794,6,20,3,6),
(1795,7,20,3,129),
(1796,8,20,3,123),
(1797,9,20,3,44),
(1798,10,20,3,3),
(1799,11,20,3,65),
(1800,12,20,3,80),
(1801,1,21,3,81),
(1802,2,21,3,38),
(1803,3,21,3,33),
(1804,4,21,3,1),
(1805,5,21,3,113),
(1806,6,21,3,120),
(1807,7,21,3,38),
(1808,8,21,3,65),
(1809,9,21,3,14),
(1810,10,21,3,108),
(1811,11,21,3,90),
(1812,12,21,3,15),
(1813,1,22,3,69),
(1814,2,22,3,71),
(1815,3,22,3,51),
(1816,4,22,3,56),
(1817,5,22,3,58),
(1818,6,22,3,96),
(1819,7,22,3,38),
(1820,8,22,3,52),
(1821,9,22,3,77),
(1822,10,22,3,40),
(1823,11,22,3,57),
(1824,12,22,3,50),
(1825,1,23,3,30),
(1826,2,23,3,23),
(1827,3,23,3,86),
(1828,4,23,3,87),
(1829,5,23,3,33),
(1830,6,23,3,73),
(1831,7,23,3,97),
(1832,8,23,3,11),
(1833,9,23,3,87),
(1834,10,23,3,82),
(1835,11,23,3,101),
(1836,12,23,3,39),
(1837,2,24,3,74),
(1838,1,24,3,25),
(1839,3,24,3,98),
(1840,4,24,3,34),
(1841,5,24,3,66),
(1842,6,24,3,38),
(1843,7,24,3,72),
(1844,8,24,3,30),
(1845,9,24,3,60),
(1846,10,24,3,136),
(1847,11,24,3,48),
(1848,12,24,3,30),
(1849,1,25,3,89),
(1850,2,25,3,101),
(1851,3,25,3,24),
(1852,4,25,3,105),
(1853,5,25,3,152),
(1854,6,25,3,97),
(1855,7,25,3,121),
(1856,8,25,3,15),
(1857,9,25,3,139),
(1858,10,25,3,96),
(1859,11,25,3,15),
(1860,12,25,3,79),
(1861,1,26,3,81),
(1862,2,26,3,22),
(1863,3,26,3,43),
(1864,4,26,3,81),
(1865,5,26,3,19),
(1866,6,26,3,137),
(1867,7,26,3,100),
(1868,8,26,3,106),
(1869,9,26,3,129),
(1870,10,26,3,124),
(1871,11,26,3,5),
(1872,12,26,3,109),
(1873,1,27,3,79),
(1874,2,27,3,62),
(1875,3,27,3,91),
(1876,4,27,3,95),
(1877,5,27,3,86),
(1878,6,27,3,10),
(1879,7,27,3,56),
(1880,8,27,3,106),
(1881,9,27,3,81),
(1882,10,27,3,86),
(1883,11,27,3,101),
(1884,12,27,3,24),
(1885,1,28,3,39),
(1886,2,28,3,54),
(1887,3,28,3,77),
(1888,4,28,3,77),
(1889,5,28,3,56),
(1890,6,28,3,64),
(1891,7,28,3,20),
(1892,8,28,3,33),
(1893,9,28,3,5),
(1894,10,28,3,72),
(1895,11,28,3,33),
(1896,12,28,3,54),
(1897,6,29,3,52),
(1898,1,29,3,60),
(1899,2,29,3,104),
(1900,3,29,3,71),
(1901,4,29,3,119),
(1902,5,29,3,49),
(1903,7,29,3,105),
(1904,8,29,3,9),
(1905,9,29,3,90),
(1906,10,29,3,127),
(1907,11,29,3,89),
(1908,12,29,3,97),
(1909,1,30,3,3),
(1910,2,30,3,44),
(1911,3,30,3,108),
(1912,4,30,3,107),
(1913,5,30,3,55),
(1914,6,30,3,18),
(1915,7,30,3,107),
(1916,8,30,3,54),
(1917,9,30,3,113),
(1918,10,30,3,145),
(1919,11,30,3,68),
(1920,12,30,3,36),
(1921,1,31,3,31),
(1922,2,31,3,68),
(1923,3,31,3,87),
(1924,4,31,3,64),
(1925,5,31,3,113),
(1926,6,31,3,70),
(1927,7,31,3,56),
(1928,8,31,3,70),
(1929,9,31,3,8),
(1930,10,31,3,93),
(1931,11,31,3,86),
(1932,12,31,3,31),
(1933,5,32,3,98),
(1934,1,32,3,36),
(1935,2,32,3,53),
(1936,3,32,3,56),
(1937,4,32,3,118),
(1938,6,32,3,96),
(1939,7,32,3,10),
(1940,8,32,3,51),
(1941,9,32,3,51),
(1942,10,32,3,94),
(1943,11,32,3,98),
(1944,12,32,3,60),
(1945,7,33,3,103),
(1946,1,33,3,85),
(1947,2,33,3,71),
(1948,3,33,3,100),
(1949,4,33,3,119),
(1950,5,33,3,146),
(1951,6,33,3,37),
(1952,8,33,3,78),
(1953,9,33,3,10),
(1954,10,33,3,128),
(1955,11,33,3,27),
(1956,12,33,3,63),
(1957,1,34,3,47),
(1958,2,34,3,48),
(1959,3,34,3,66),
(1960,4,34,3,52),
(1961,5,34,3,30),
(1962,6,34,3,49),
(1963,7,34,3,14),
(1964,8,34,3,67),
(1965,9,34,3,26),
(1966,10,34,3,4),
(1967,11,34,3,17),
(1968,12,34,3,38),
(1969,1,35,3,104),
(1970,2,35,3,127),
(1971,3,35,3,66),
(1972,4,35,3,22),
(1973,5,35,3,104),
(1974,6,35,3,9),
(1975,7,35,3,106),
(1976,8,35,3,80),
(1977,9,35,3,119),
(1978,10,35,3,88),
(1979,11,35,3,104),
(1980,12,35,3,40),
(1981,1,36,3,78),
(1982,2,36,3,27),
(1983,3,36,3,88),
(1984,4,36,3,89),
(1985,5,36,3,105),
(1986,6,36,3,106),
(1987,7,36,3,122),
(1988,8,36,3,53),
(1989,9,36,3,85),
(1990,10,36,3,67),
(1991,11,36,3,57),
(1992,12,36,3,15),
(1993,1,37,3,87),
(1994,2,37,3,4),
(1995,3,37,3,113),
(1996,4,37,3,33),
(1997,5,37,3,66),
(1998,6,37,3,76),
(1999,7,37,3,65),
(2000,8,37,3,93),
(2001,9,37,3,54),
(2002,10,37,3,71),
(2003,11,37,3,49),
(2004,12,37,3,39),
(2005,1,38,3,39),
(2006,2,38,3,76),
(2007,3,38,3,48),
(2008,4,38,3,54),
(2009,5,38,3,4),
(2010,6,38,3,60),
(2011,7,38,3,87),
(2012,8,38,3,56),
(2013,9,38,3,34),
(2014,10,38,3,35),
(2015,11,38,3,60),
(2016,12,38,3,40),
(2017,1,39,3,57),
(2018,2,39,3,145),
(2019,3,39,3,113),
(2020,4,39,3,55),
(2021,5,39,3,112),
(2022,6,39,3,128),
(2023,7,39,3,1),
(2024,8,39,3,71),
(2025,9,39,3,83),
(2026,10,39,3,11),
(2027,11,39,3,33),
(2028,12,39,3,62),
(2029,1,40,3,123),
(2030,2,40,3,62),
(2031,3,40,3,10),
(2032,4,40,3,123),
(2033,5,40,3,123),
(2034,6,40,3,63),
(2035,7,40,3,58),
(2036,8,40,3,67),
(2037,9,40,3,56),
(2038,10,40,3,41),
(2039,11,40,3,15),
(2040,12,40,3,65),
(2041,1,41,3,117),
(2042,2,41,3,102),
(2043,3,41,3,114),
(2044,4,41,3,68),
(2045,5,41,3,35),
(2046,6,41,3,78),
(2047,7,41,3,96),
(2048,8,41,3,111),
(2049,9,41,3,34),
(2050,10,41,3,85),
(2051,11,41,3,57),
(2052,12,41,3,16),
(2053,1,42,3,21),
(2054,2,42,3,72),
(2055,3,42,3,26),
(2056,4,42,3,66),
(2057,5,42,3,86),
(2058,6,42,3,72),
(2059,7,42,3,71),
(2060,8,42,3,69),
(2061,9,42,3,9),
(2062,10,42,3,39),
(2063,11,42,3,65),
(2064,12,42,3,82),
(2065,1,43,3,69),
(2066,2,43,3,113),
(2067,3,43,3,8),
(2068,4,43,3,63),
(2069,5,43,3,43),
(2070,6,43,3,66),
(2071,7,43,3,58),
(2072,8,43,3,68),
(2073,9,43,3,82),
(2074,10,43,3,107),
(2075,11,43,3,39),
(2076,12,43,3,5),
(2077,9,44,3,26),
(2078,1,44,3,31),
(2079,2,44,3,91),
(2080,3,44,3,88),
(2081,4,44,3,95),
(2082,5,44,3,94),
(2083,6,44,3,44),
(2084,7,44,3,42),
(2085,8,44,3,83),
(2086,10,44,3,30),
(2087,11,44,3,95),
(2088,12,44,3,28),
(2089,1,45,3,172),
(2090,2,45,3,40),
(2091,3,45,3,127),
(2092,4,45,3,10),
(2093,5,45,3,26),
(2094,6,45,3,29),
(2095,7,45,3,45),
(2096,8,45,3,76),
(2097,9,45,3,173),
(2098,10,45,3,155),
(2099,11,45,3,69),
(2100,12,45,3,33),
(2101,1,46,3,11),
(2102,2,46,3,79),
(2103,3,46,3,56),
(2104,4,46,3,99),
(2105,5,46,3,92),
(2106,6,46,3,74),
(2107,7,46,3,74),
(2108,8,46,3,95),
(2109,9,46,3,8),
(2110,10,46,3,35),
(2111,11,46,3,54),
(2112,12,46,3,90),
(2113,1,47,3,26),
(2114,2,47,3,96),
(2115,3,47,3,39),
(2116,4,47,3,16),
(2117,5,47,3,109),
(2118,6,47,3,18),
(2119,7,47,3,111),
(2120,8,47,3,47),
(2121,9,47,3,62),
(2122,10,47,3,106),
(2123,11,47,3,98),
(2124,12,47,3,28),
(2125,1,48,3,53),
(2126,2,48,3,103),
(2127,3,48,3,29),
(2128,4,48,3,43),
(2129,5,48,3,11),
(2130,6,48,3,107),
(2131,7,48,3,52),
(2132,8,48,3,30),
(2133,9,48,3,46),
(2134,10,48,3,97),
(2135,11,48,3,120),
(2136,12,48,3,104),
(2137,1,49,3,66),
(2138,2,49,3,103),
(2139,3,49,3,75),
(2140,4,49,3,95),
(2141,5,49,3,109),
(2142,6,49,3,33),
(2143,7,49,3,86),
(2144,8,49,3,40),
(2145,9,49,3,62),
(2146,10,49,3,14),
(2147,11,49,3,33),
(2148,12,49,3,142),
(2149,8,50,3,25),
(2150,1,50,3,25),
(2151,2,50,3,31),
(2152,3,50,3,32),
(2153,4,50,3,49),
(2154,5,50,3,22),
(2155,6,50,3,5),
(2156,7,50,3,27),
(2157,9,50,3,57),
(2158,10,50,3,23),
(2159,11,50,3,15),
(2160,12,50,3,37),
(2161,1,51,3,34),
(2162,2,51,3,147),
(2163,3,51,3,122),
(2164,4,51,3,48),
(2165,5,51,3,23),
(2166,6,51,3,92),
(2167,7,51,3,71),
(2168,8,51,3,116),
(2169,9,51,3,67),
(2170,10,51,3,104),
(2171,11,51,3,117),
(2172,12,51,3,3),
(2173,5,52,3,94),
(2174,1,52,3,7),
(2175,2,52,3,83),
(2176,3,52,3,4),
(2177,4,52,3,45),
(2178,6,52,3,100),
(2179,7,52,3,87),
(2180,8,52,3,178),
(2181,9,52,3,150),
(2182,10,52,3,165),
(2183,11,52,3,138),
(2184,12,52,3,5),
(2185,1,53,3,82),
(2186,2,53,3,4),
(2187,3,53,3,4),
(2188,4,53,3,61),
(2189,5,53,3,32),
(2190,6,53,3,4),
(2191,7,53,3,111),
(2192,8,53,3,142),
(2193,9,53,3,177),
(2194,10,53,3,81),
(2195,11,53,3,137),
(2196,12,53,3,23),
(2197,2,54,3,7),
(2198,1,54,3,66),
(2199,3,54,3,5),
(2200,4,54,3,49),
(2201,5,54,3,86),
(2202,6,54,3,92),
(2203,7,54,3,85),
(2204,8,54,3,86),
(2205,9,54,3,50),
(2206,10,54,3,94),
(2207,11,54,3,84),
(2208,12,54,3,77),
(2209,1,55,3,103),
(2210,2,55,3,105),
(2211,3,55,3,15),
(2212,4,55,3,66),
(2213,5,55,3,26),
(2214,6,55,3,140),
(2215,7,55,3,67),
(2216,8,55,3,141),
(2217,9,55,3,35),
(2218,10,55,3,62),
(2219,11,55,3,6),
(2220,12,55,3,18),
(2221,5,56,3,96),
(2222,1,56,3,87),
(2223,2,56,3,2),
(2224,3,56,3,61),
(2225,4,56,3,90),
(2226,6,56,3,28),
(2227,7,56,3,24),
(2228,8,56,3,81),
(2229,9,56,3,32),
(2230,10,56,3,15),
(2231,11,56,3,36),
(2232,12,56,3,104),
(2233,11,57,3,146),
(2234,1,57,3,6),
(2235,2,57,3,84),
(2236,3,57,3,14),
(2237,4,57,3,88),
(2238,5,57,3,45),
(2239,6,57,3,119),
(2240,7,57,3,38),
(2241,8,57,3,91),
(2242,9,57,3,40),
(2243,10,57,3,79),
(2244,12,57,3,76),
(2245,10,58,3,96),
(2246,1,58,3,96),
(2247,2,58,3,63),
(2248,3,58,3,10),
(2249,4,58,3,91),
(2250,5,58,3,89),
(2251,6,58,3,91),
(2252,7,58,3,85),
(2253,8,58,3,14),
(2254,9,58,3,18),
(2255,11,58,3,38),
(2256,12,58,3,76),
(2257,1,59,3,19),
(2258,2,59,3,107),
(2259,3,59,3,110),
(2260,4,59,3,47),
(2261,5,59,3,17),
(2262,6,59,3,99),
(2263,7,59,3,30),
(2264,8,59,3,115),
(2265,9,59,3,33),
(2266,10,59,3,11),
(2267,11,59,3,102),
(2268,12,59,3,53),
(2269,10,60,3,60),
(2270,1,60,3,48),
(2271,2,60,3,86),
(2272,3,60,3,51),
(2273,4,60,3,41),
(2274,5,60,3,69),
(2275,6,60,3,85),
(2276,7,60,3,83),
(2277,8,60,3,87),
(2278,9,60,3,14),
(2279,11,60,3,4),
(2280,12,60,3,68),
(2281,1,61,3,117),
(2282,2,61,3,147),
(2283,3,61,3,75),
(2284,4,61,3,55),
(2285,5,61,3,15),
(2286,6,61,3,97),
(2287,7,61,3,23),
(2288,8,61,3,82),
(2289,9,61,3,69),
(2290,10,61,3,0),
(2291,11,61,3,43),
(2292,12,61,3,77),
(2293,1,62,3,131),
(2294,2,62,3,70),
(2295,3,62,3,142),
(2296,4,62,3,16),
(2297,5,62,3,27),
(2298,6,62,3,107),
(2299,7,62,3,131),
(2300,8,62,3,140),
(2301,9,62,3,47),
(2302,10,62,3,3),
(2303,11,62,3,73),
(2304,12,62,3,110),
(2305,10,63,3,22),
(2306,1,63,3,128),
(2307,2,63,3,93),
(2308,3,63,3,38),
(2309,4,63,3,123),
(2310,5,63,3,128),
(2311,6,63,3,1),
(2312,7,63,3,41),
(2313,8,63,3,14),
(2314,9,63,3,61),
(2315,11,63,3,72),
(2316,12,63,3,152),
(2317,1,64,3,58),
(2318,2,64,3,67),
(2319,3,64,3,85),
(2320,4,64,3,15),
(2321,5,64,3,85),
(2322,6,64,3,93),
(2323,7,64,3,29),
(2324,8,64,3,64),
(2325,9,64,3,72),
(2326,10,64,3,76),
(2327,11,64,3,46),
(2328,12,64,3,56),
(2329,1,65,3,70),
(2330,2,65,3,67),
(2331,3,65,3,65),
(2332,4,65,3,28),
(2333,5,65,3,57),
(2334,6,65,3,43),
(2335,7,65,3,73),
(2336,8,65,3,76),
(2337,9,65,3,52),
(2338,10,65,3,64),
(2339,11,65,3,73),
(2340,12,65,3,54),
(2341,1,1,4,186),
(2342,2,1,4,130),
(2343,3,1,4,96),
(2344,4,1,4,188),
(2345,5,1,4,151),
(2346,6,1,4,6),
(2347,7,1,4,225),
(2348,8,1,4,106),
(2349,9,1,4,113),
(2350,10,1,4,7),
(2351,11,1,4,39),
(2352,12,1,4,43),
(2353,1,2,4,186),
(2354,2,2,4,130),
(2355,3,2,4,96),
(2356,4,2,4,188),
(2357,5,2,4,151),
(2358,6,2,4,6),
(2359,7,2,4,225),
(2360,8,2,4,106),
(2361,9,2,4,113),
(2362,10,2,4,7),
(2363,11,2,4,39),
(2364,12,2,4,43),
(2365,1,3,4,153),
(2366,2,3,4,53),
(2367,3,3,4,122),
(2368,4,3,4,127),
(2369,5,3,4,57),
(2370,6,3,4,180),
(2371,7,3,4,41),
(2372,8,3,4,180),
(2373,9,3,4,238),
(2374,10,3,4,87),
(2375,11,3,4,22),
(2376,12,3,4,130),
(2377,1,4,4,71),
(2378,2,4,4,97),
(2379,3,4,4,72),
(2380,4,4,4,97),
(2381,5,4,4,129),
(2382,6,4,4,82),
(2383,7,4,4,131),
(2384,8,4,4,89),
(2385,9,4,4,146),
(2386,10,4,4,54),
(2387,11,4,4,109),
(2388,12,4,4,81),
(2389,1,5,4,206),
(2390,2,5,4,60),
(2391,3,5,4,136),
(2392,4,5,4,41),
(2393,5,5,4,98),
(2394,6,5,4,63),
(2395,7,5,4,130),
(2396,8,5,4,228),
(2397,9,5,4,111),
(2398,10,5,4,89),
(2399,11,5,4,98),
(2400,12,5,4,88),
(2401,1,6,4,42),
(2402,2,6,4,59),
(2403,3,6,4,100),
(2404,4,6,4,67),
(2405,5,6,4,184),
(2406,6,6,4,108),
(2407,7,6,4,38),
(2408,8,6,4,157),
(2409,9,6,4,62),
(2410,10,6,4,48),
(2411,11,6,4,37),
(2412,12,6,4,241),
(2413,1,7,4,210),
(2414,2,7,4,296),
(2415,3,7,4,150),
(2416,4,7,4,137),
(2417,5,7,4,64),
(2418,6,7,4,90),
(2419,7,7,4,149),
(2420,8,7,4,254),
(2421,9,7,4,269),
(2422,10,7,4,80),
(2423,11,7,4,39),
(2424,12,7,4,101),
(2425,1,8,4,179),
(2426,2,8,4,231),
(2427,3,8,4,214),
(2428,4,8,4,97),
(2429,5,8,4,107),
(2430,6,8,4,97),
(2431,7,8,4,237),
(2432,8,8,4,118),
(2433,9,8,4,170),
(2434,10,8,4,117),
(2435,11,8,4,53),
(2436,12,8,4,157),
(2437,1,9,4,156),
(2438,2,9,4,258),
(2439,3,9,4,231),
(2440,4,9,4,104),
(2441,5,9,4,99),
(2442,6,9,4,43),
(2443,7,9,4,203),
(2444,8,9,4,22),
(2445,9,9,4,59),
(2446,10,9,4,51),
(2447,11,9,4,98),
(2448,12,9,4,75),
(2449,1,10,4,99),
(2450,2,10,4,267),
(2451,3,10,4,44),
(2452,4,10,4,61),
(2453,5,10,4,117),
(2454,6,10,4,66),
(2455,7,10,4,55),
(2456,8,10,4,48),
(2457,9,10,4,171),
(2458,10,10,4,187),
(2459,11,10,4,133),
(2460,12,10,4,60),
(2461,1,11,4,193),
(2462,2,11,4,238),
(2463,3,11,4,102),
(2464,4,11,4,141),
(2465,5,11,4,40),
(2466,6,11,4,55),
(2467,7,11,4,115),
(2468,8,11,4,62),
(2469,9,11,4,111),
(2470,10,11,4,97),
(2471,11,11,4,56),
(2472,12,11,4,37),
(2473,1,12,4,37),
(2474,2,12,4,4),
(2475,3,12,4,24),
(2476,4,12,4,78),
(2477,5,12,4,80),
(2478,6,12,4,12),
(2479,7,12,4,100),
(2480,8,12,4,15),
(2481,9,12,4,56),
(2482,10,12,4,54),
(2483,11,12,4,91),
(2484,12,12,4,18),
(2485,12,13,4,110),
(2486,1,13,4,92),
(2487,2,13,4,90),
(2488,3,13,4,250),
(2489,4,13,4,221),
(2490,5,13,4,106),
(2491,6,13,4,205),
(2492,7,13,4,178),
(2493,8,13,4,19),
(2494,9,13,4,211),
(2495,10,13,4,152),
(2496,11,13,4,197),
(2497,1,14,4,141),
(2498,2,14,4,110),
(2499,3,14,4,155),
(2500,4,14,4,112),
(2501,5,14,4,60),
(2502,6,14,4,9),
(2503,7,14,4,59),
(2504,8,14,4,84),
(2505,9,14,4,151),
(2506,10,14,4,72),
(2507,11,14,4,67),
(2508,12,14,4,121),
(2509,1,15,4,18),
(2510,2,15,4,42),
(2511,3,15,4,114),
(2512,4,15,4,82),
(2513,5,15,4,126),
(2514,6,15,4,199),
(2515,7,15,4,193),
(2516,8,15,4,61),
(2517,9,15,4,181),
(2518,10,15,4,98),
(2519,11,15,4,107),
(2520,12,15,4,27),
(2521,1,16,4,135),
(2522,2,16,4,85),
(2523,3,16,4,138),
(2524,4,16,4,171),
(2525,5,16,4,170),
(2526,6,16,4,167),
(2527,7,16,4,121),
(2528,8,16,4,85),
(2529,9,16,4,142),
(2530,10,16,4,128),
(2531,11,16,4,182),
(2532,12,16,4,91),
(2533,9,17,4,35),
(2534,1,17,4,31),
(2535,2,17,4,29),
(2536,3,17,4,147),
(2537,4,17,4,143),
(2538,5,17,4,129),
(2539,6,17,4,80),
(2540,7,17,4,89),
(2541,8,17,4,109),
(2542,10,17,4,71),
(2543,11,17,4,76),
(2544,12,17,4,72),
(2545,6,18,4,217),
(2546,1,18,4,90),
(2547,2,18,4,68),
(2548,3,18,4,151),
(2549,4,18,4,62),
(2550,5,18,4,38),
(2551,7,18,4,126),
(2552,8,18,4,133),
(2553,9,18,4,71),
(2554,10,18,4,86),
(2555,11,18,4,214),
(2556,12,18,4,104),
(2557,1,19,4,106),
(2558,2,19,4,112),
(2559,3,19,4,181),
(2560,4,19,4,9),
(2561,5,19,4,163),
(2562,6,19,4,66),
(2563,7,19,4,141),
(2564,8,19,4,29),
(2565,9,19,4,177),
(2566,10,19,4,115),
(2567,11,19,4,149),
(2568,12,19,4,168),
(2569,1,20,4,51),
(2570,2,20,4,216),
(2571,3,20,4,110),
(2572,4,20,4,233),
(2573,5,20,4,16),
(2574,6,20,4,71),
(2575,7,20,4,169),
(2576,8,20,4,91),
(2577,9,20,4,161),
(2578,10,20,4,22),
(2579,11,20,4,165),
(2580,12,20,4,237),
(2581,1,21,4,181),
(2582,2,21,4,209),
(2583,3,21,4,3),
(2584,4,21,4,86),
(2585,5,21,4,44),
(2586,6,21,4,171),
(2587,7,21,4,13),
(2588,8,21,4,109),
(2589,9,21,4,152),
(2590,10,21,4,164),
(2591,11,21,4,16),
(2592,12,21,4,44),
(2593,1,22,4,3),
(2594,2,22,4,125),
(2595,3,22,4,196),
(2596,4,22,4,105),
(2597,5,22,4,105),
(2598,6,22,4,146),
(2599,7,22,4,84),
(2600,8,22,4,40),
(2601,9,22,4,23),
(2602,10,22,4,128),
(2603,11,22,4,193),
(2604,12,22,4,44),
(2605,1,23,4,153),
(2606,2,23,4,150),
(2607,3,23,4,7),
(2608,4,23,4,163),
(2609,5,23,4,137),
(2610,6,23,4,106),
(2611,7,23,4,124),
(2612,8,23,4,2),
(2613,9,23,4,73),
(2614,10,23,4,101),
(2615,11,23,4,112),
(2616,12,23,4,119),
(2617,2,24,4,74),
(2618,1,24,4,33),
(2619,3,24,4,122),
(2620,4,24,4,82),
(2621,5,24,4,100),
(2622,6,24,4,39),
(2623,7,24,4,53),
(2624,8,24,4,161),
(2625,9,24,4,89),
(2626,10,24,4,184),
(2627,11,24,4,83),
(2628,12,24,4,168),
(2629,1,25,4,232),
(2630,2,25,4,24),
(2631,3,25,4,174),
(2632,4,25,4,249),
(2633,5,25,4,50),
(2634,6,25,4,124),
(2635,7,25,4,63),
(2636,8,25,4,108),
(2637,9,25,4,107),
(2638,10,25,4,139),
(2639,11,25,4,229),
(2640,12,25,4,223),
(2641,1,26,4,51),
(2642,2,26,4,100),
(2643,3,26,4,31),
(2644,4,26,4,222),
(2645,5,26,4,220),
(2646,6,26,4,228),
(2647,7,26,4,74),
(2648,8,26,4,200),
(2649,9,26,4,166),
(2650,10,26,4,155),
(2651,11,26,4,122),
(2652,12,26,4,28),
(2653,1,27,4,142),
(2654,2,27,4,154),
(2655,3,27,4,140),
(2656,4,27,4,206),
(2657,5,27,4,129),
(2658,6,27,4,61),
(2659,7,27,4,61),
(2660,8,27,4,206),
(2661,9,27,4,172),
(2662,10,27,4,92),
(2663,11,27,4,61),
(2664,12,27,4,38),
(2665,1,28,4,32),
(2666,2,28,4,63),
(2667,3,28,4,89),
(2668,4,28,4,24),
(2669,5,28,4,174),
(2670,6,28,4,105),
(2671,7,28,4,132),
(2672,8,28,4,2),
(2673,9,28,4,197),
(2674,10,28,4,50),
(2675,11,28,4,84),
(2676,12,28,4,19),
(2677,6,29,4,252),
(2678,1,29,4,263),
(2679,2,29,4,100),
(2680,3,29,4,92),
(2681,4,29,4,201),
(2682,5,29,4,126),
(2683,7,29,4,92),
(2684,8,29,4,32),
(2685,9,29,4,60),
(2686,10,29,4,58),
(2687,11,29,4,95),
(2688,12,29,4,250),
(2689,1,30,4,86),
(2690,2,30,4,158),
(2691,3,30,4,185),
(2692,4,30,4,65),
(2693,5,30,4,55),
(2694,6,30,4,103),
(2695,7,30,4,174),
(2696,8,30,4,207),
(2697,9,30,4,70),
(2698,10,30,4,66),
(2699,11,30,4,127),
(2700,12,30,4,133),
(2701,1,31,4,32),
(2702,2,31,4,141),
(2703,3,31,4,170),
(2704,4,31,4,138),
(2705,5,31,4,135),
(2706,6,31,4,23),
(2707,7,31,4,116),
(2708,8,31,4,120),
(2709,9,31,4,61),
(2710,10,31,4,107),
(2711,11,31,4,135),
(2712,12,31,4,119),
(2713,5,32,4,142),
(2714,1,32,4,100),
(2715,2,32,4,195),
(2716,3,32,4,73),
(2717,4,32,4,195),
(2718,6,32,4,103),
(2719,7,32,4,156),
(2720,8,32,4,50),
(2721,9,32,4,86),
(2722,10,32,4,39),
(2723,11,32,4,2),
(2724,12,32,4,227),
(2725,7,33,4,246),
(2726,1,33,4,226),
(2727,2,33,4,145),
(2728,3,33,4,10),
(2729,4,33,4,133),
(2730,5,33,4,82),
(2731,6,33,4,40),
(2732,8,33,4,90),
(2733,9,33,4,212),
(2734,10,33,4,110),
(2735,11,33,4,249),
(2736,12,33,4,70),
(2737,1,34,4,71),
(2738,2,34,4,127),
(2739,3,34,4,43),
(2740,4,34,4,83),
(2741,5,34,4,2),
(2742,6,34,4,8),
(2743,7,34,4,21),
(2744,8,34,4,27),
(2745,9,34,4,129),
(2746,10,34,4,103),
(2747,11,34,4,96),
(2748,12,34,4,50),
(2749,1,35,4,17),
(2750,2,35,4,33),
(2751,3,35,4,159),
(2752,4,35,4,39),
(2753,5,35,4,104),
(2754,6,35,4,256),
(2755,7,35,4,179),
(2756,8,35,4,105),
(2757,9,35,4,151),
(2758,10,35,4,172),
(2759,11,35,4,184),
(2760,12,35,4,216),
(2761,1,36,4,17),
(2762,2,36,4,27),
(2763,3,36,4,211),
(2764,4,36,4,221),
(2765,5,36,4,149),
(2766,6,36,4,165),
(2767,7,36,4,40),
(2768,8,36,4,35),
(2769,9,36,4,182),
(2770,10,36,4,76),
(2771,11,36,4,227),
(2772,12,36,4,137),
(2773,1,37,4,62),
(2774,2,37,4,102),
(2775,3,37,4,149),
(2776,4,37,4,131),
(2777,5,37,4,50),
(2778,6,37,4,81),
(2779,7,37,4,41),
(2780,8,37,4,190),
(2781,9,37,4,112),
(2782,10,37,4,123),
(2783,11,37,4,125),
(2784,12,37,4,82),
(2785,1,38,4,95),
(2786,2,38,4,79),
(2787,3,38,4,44),
(2788,4,38,4,129),
(2789,5,38,4,86),
(2790,6,38,4,25),
(2791,7,38,4,173),
(2792,8,38,4,79),
(2793,9,38,4,83),
(2794,10,38,4,73),
(2795,11,38,4,5),
(2796,12,38,4,114),
(2797,1,39,4,25),
(2798,2,39,4,106),
(2799,3,39,4,41),
(2800,4,39,4,210),
(2801,5,39,4,95),
(2802,6,39,4,77),
(2803,7,39,4,263),
(2804,8,39,4,159),
(2805,9,39,4,62),
(2806,10,39,4,205),
(2807,11,39,4,196),
(2808,12,39,4,11),
(2809,1,40,4,187),
(2810,2,40,4,60),
(2811,3,40,4,186),
(2812,4,40,4,75),
(2813,5,40,4,187),
(2814,6,40,4,11),
(2815,7,40,4,26),
(2816,8,40,4,99),
(2817,9,40,4,186),
(2818,10,40,4,16),
(2819,11,40,4,194),
(2820,12,40,4,118),
(2821,1,41,4,187),
(2822,2,41,4,41),
(2823,3,41,4,118),
(2824,4,41,4,110),
(2825,5,41,4,188),
(2826,6,41,4,161),
(2827,7,41,4,126),
(2828,8,41,4,91),
(2829,9,41,4,175),
(2830,10,41,4,145),
(2831,11,41,4,42),
(2832,12,41,4,138),
(2833,1,42,4,80),
(2834,2,42,4,116),
(2835,3,42,4,133),
(2836,4,42,4,151),
(2837,5,42,4,6),
(2838,6,42,4,145),
(2839,7,42,4,94),
(2840,8,42,4,72),
(2841,9,42,4,33),
(2842,10,42,4,155),
(2843,11,42,4,2),
(2844,12,42,4,143),
(2845,1,43,4,134),
(2846,2,43,4,145),
(2847,3,43,4,56),
(2848,4,43,4,159),
(2849,5,43,4,17),
(2850,6,43,4,153),
(2851,7,43,4,87),
(2852,8,43,4,166),
(2853,9,43,4,75),
(2854,10,43,4,27),
(2855,11,43,4,149),
(2856,12,43,4,30),
(2857,9,44,4,163),
(2858,1,44,4,83),
(2859,2,44,4,157),
(2860,3,44,4,14),
(2861,4,44,4,124),
(2862,5,44,4,168),
(2863,6,44,4,139),
(2864,7,44,4,65),
(2865,8,44,4,44),
(2866,10,44,4,9),
(2867,11,44,4,133),
(2868,12,44,4,148),
(2869,1,45,4,26),
(2870,2,45,4,55),
(2871,3,45,4,145),
(2872,4,45,4,105),
(2873,5,45,4,230),
(2874,6,45,4,98),
(2875,7,45,4,10),
(2876,8,45,4,256),
(2877,9,45,4,106),
(2878,10,45,4,103),
(2879,11,45,4,217),
(2880,12,45,4,240),
(2881,1,46,4,89),
(2882,2,46,4,121),
(2883,3,46,4,11),
(2884,4,46,4,34),
(2885,5,46,4,76),
(2886,6,46,4,15),
(2887,7,46,4,80),
(2888,8,46,4,166),
(2889,9,46,4,212),
(2890,10,46,4,110),
(2891,11,46,4,235),
(2892,12,46,4,128),
(2893,1,47,4,134),
(2894,2,47,4,59),
(2895,3,47,4,6),
(2896,4,47,4,157),
(2897,5,47,4,156),
(2898,6,47,4,135),
(2899,7,47,4,163),
(2900,8,47,4,143),
(2901,9,47,4,37),
(2902,10,47,4,99),
(2903,11,47,4,95),
(2904,12,47,4,79),
(2905,1,48,4,174),
(2906,2,48,4,65),
(2907,3,48,4,168),
(2908,4,48,4,106),
(2909,5,48,4,106),
(2910,6,48,4,174),
(2911,7,48,4,28),
(2912,8,48,4,87),
(2913,9,48,4,43),
(2914,10,48,4,150),
(2915,11,48,4,101),
(2916,12,48,4,123),
(2917,1,49,4,10),
(2918,2,49,4,213),
(2919,3,49,4,48),
(2920,4,49,4,90),
(2921,5,49,4,167),
(2922,6,49,4,9),
(2923,7,49,4,225),
(2924,8,49,4,124),
(2925,9,49,4,112),
(2926,10,49,4,114),
(2927,11,49,4,74),
(2928,12,49,4,241),
(2929,8,50,4,8),
(2930,1,50,4,46),
(2931,2,50,4,45),
(2932,3,50,4,96),
(2933,4,50,4,57),
(2934,5,50,4,96),
(2935,6,50,4,26),
(2936,7,50,4,62),
(2937,9,50,4,37),
(2938,10,50,4,73),
(2939,11,50,4,16),
(2940,12,50,4,18),
(2941,1,51,4,152),
(2942,2,51,4,137),
(2943,3,51,4,27),
(2944,4,51,4,188),
(2945,5,51,4,110),
(2946,6,51,4,107),
(2947,7,51,4,65),
(2948,8,51,4,138),
(2949,9,51,4,179),
(2950,10,51,4,136),
(2951,11,51,4,165),
(2952,12,51,4,171),
(2953,5,52,4,30),
(2954,1,52,4,96),
(2955,2,52,4,168),
(2956,3,52,4,345),
(2957,4,52,4,291),
(2958,6,52,4,188),
(2959,7,52,4,11),
(2960,8,52,4,186),
(2961,9,52,4,126),
(2962,10,52,4,45),
(2963,11,52,4,10),
(2964,12,52,4,264),
(2965,1,53,4,143),
(2966,2,53,4,154),
(2967,3,53,4,217),
(2968,4,53,4,62),
(2969,5,53,4,136),
(2970,6,53,4,0),
(2971,7,53,4,104),
(2972,8,53,4,71),
(2973,9,53,4,174),
(2974,10,53,4,11),
(2975,11,53,4,142),
(2976,12,53,4,218),
(2977,2,54,4,255),
(2978,1,54,4,122),
(2979,3,54,4,47),
(2980,4,54,4,56),
(2981,5,54,4,148),
(2982,6,54,4,21),
(2983,7,54,4,190),
(2984,8,54,4,85),
(2985,9,54,4,70),
(2986,10,54,4,130),
(2987,11,54,4,27),
(2988,12,54,4,147),
(2989,1,55,4,98),
(2990,2,55,4,147),
(2991,3,55,4,18),
(2992,4,55,4,161),
(2993,5,55,4,94),
(2994,6,55,4,170),
(2995,7,55,4,54),
(2996,8,55,4,90),
(2997,9,55,4,177),
(2998,10,55,4,167),
(2999,11,55,4,74),
(3000,12,55,4,57),
(3001,5,56,4,139),
(3002,1,56,4,113),
(3003,2,56,4,141),
(3004,3,56,4,24),
(3005,4,56,4,29),
(3006,6,56,4,116),
(3007,7,56,4,56),
(3008,8,56,4,51),
(3009,9,56,4,134),
(3010,10,56,4,136),
(3011,11,56,4,17),
(3012,12,56,4,133),
(3013,11,57,4,39),
(3014,1,57,4,55),
(3015,2,57,4,91),
(3016,3,57,4,157),
(3017,4,57,4,119),
(3018,5,57,4,175),
(3019,6,57,4,167),
(3020,7,57,4,49),
(3021,8,57,4,156),
(3022,9,57,4,181),
(3023,10,57,4,158),
(3024,12,57,4,30),
(3025,10,58,4,119),
(3026,1,58,4,181),
(3027,2,58,4,59),
(3028,3,58,4,30),
(3029,4,58,4,102),
(3030,5,58,4,157),
(3031,6,58,4,37),
(3032,7,58,4,81),
(3033,8,58,4,43),
(3034,9,58,4,234),
(3035,11,58,4,172),
(3036,12,58,4,62),
(3037,1,59,4,129),
(3038,2,59,4,39),
(3039,3,59,4,144),
(3040,4,59,4,169),
(3041,5,59,4,4),
(3042,6,59,4,178),
(3043,7,59,4,141),
(3044,8,59,4,114),
(3045,9,59,4,91),
(3046,10,59,4,83),
(3047,11,59,4,68),
(3048,12,59,4,76),
(3049,10,60,4,172),
(3050,1,60,4,140),
(3051,2,60,4,147),
(3052,3,60,4,8),
(3053,4,60,4,50),
(3054,5,60,4,143),
(3055,6,60,4,49),
(3056,7,60,4,99),
(3057,8,60,4,86),
(3058,9,60,4,144),
(3059,11,60,4,92),
(3060,12,60,4,30),
(3061,1,61,4,102),
(3062,2,61,4,169),
(3063,3,61,4,21),
(3064,4,61,4,187),
(3065,5,61,4,211),
(3066,6,61,4,39),
(3067,7,61,4,155),
(3068,8,61,4,49),
(3069,9,61,4,144),
(3070,10,61,4,102),
(3071,11,61,4,115),
(3072,12,61,4,40),
(3073,1,62,4,183),
(3074,2,62,4,2),
(3075,3,62,4,17),
(3076,4,62,4,84),
(3077,5,62,4,252),
(3078,6,62,4,123),
(3079,7,62,4,162),
(3080,8,62,4,235),
(3081,9,62,4,131),
(3082,10,62,4,64),
(3083,11,62,4,233),
(3084,12,62,4,174),
(3085,10,63,4,176),
(3086,1,63,4,96),
(3087,2,63,4,209),
(3088,3,63,4,112),
(3089,4,63,4,141),
(3090,5,63,4,54),
(3091,6,63,4,195),
(3092,7,63,4,144),
(3093,8,63,4,40),
(3094,9,63,4,60),
(3095,11,63,4,10),
(3096,12,63,4,217),
(3097,1,64,4,153),
(3098,2,64,4,36),
(3099,3,64,4,12),
(3100,4,64,4,130),
(3101,5,64,4,114),
(3102,6,64,4,143),
(3103,7,64,4,170),
(3104,8,64,4,91),
(3105,9,64,4,109),
(3106,10,64,4,74),
(3107,11,64,4,44),
(3108,12,64,4,170),
(3109,1,65,4,58),
(3110,2,65,4,88),
(3111,3,65,4,121),
(3112,4,65,4,85),
(3113,5,65,4,148),
(3114,6,65,4,118),
(3115,7,65,4,65),
(3116,8,65,4,148),
(3117,9,65,4,73),
(3118,10,65,4,128),
(3119,11,65,4,108),
(3120,12,65,4,58),
(3121,1,1,5,23),
(3122,2,1,5,14),
(3123,3,1,5,163),
(3124,4,1,5,28),
(3125,5,1,5,96),
(3126,6,1,5,31),
(3127,7,1,5,45),
(3128,8,1,5,69),
(3129,9,1,5,3),
(3130,10,1,5,3),
(3131,11,1,5,22),
(3132,12,1,5,9),
(3133,1,2,5,23),
(3134,2,2,5,14),
(3135,3,2,5,163),
(3136,4,2,5,28),
(3137,5,2,5,96),
(3138,6,2,5,31),
(3139,7,2,5,45),
(3140,8,2,5,69),
(3141,9,2,5,3),
(3142,10,2,5,3),
(3143,11,2,5,22),
(3144,12,2,5,9),
(3145,1,3,5,35),
(3146,2,3,5,14),
(3147,3,3,5,75),
(3148,4,3,5,67),
(3149,5,3,5,22),
(3150,6,3,5,32),
(3151,7,3,5,17),
(3152,8,3,5,57),
(3153,9,3,5,71),
(3154,10,3,5,54),
(3155,11,3,5,48),
(3156,12,3,5,32),
(3157,1,4,5,29),
(3158,2,4,5,45),
(3159,3,4,5,31),
(3160,4,4,5,57),
(3161,5,4,5,58),
(3162,6,4,5,14),
(3163,7,4,5,56),
(3164,8,4,5,11),
(3165,9,4,5,52),
(3166,10,4,5,82),
(3167,11,4,5,12),
(3168,12,4,5,21),
(3169,1,5,5,78),
(3170,2,5,5,36),
(3171,3,5,5,32),
(3172,4,5,5,82),
(3173,5,5,5,56),
(3174,6,5,5,16),
(3175,7,5,5,43),
(3176,8,5,5,74),
(3177,9,5,5,20),
(3178,10,5,5,21),
(3179,11,5,5,29),
(3180,12,5,5,22),
(3181,1,6,5,30),
(3182,2,6,5,66),
(3183,3,6,5,75),
(3184,4,6,5,72),
(3185,5,6,5,46),
(3186,6,6,5,28),
(3187,7,6,5,75),
(3188,8,6,5,27),
(3189,9,6,5,45),
(3190,10,6,5,15),
(3191,11,6,5,31),
(3192,12,6,5,27),
(3193,1,7,5,52),
(3194,2,7,5,107),
(3195,3,7,5,93),
(3196,4,7,5,84),
(3197,5,7,5,84),
(3198,6,7,5,83),
(3199,7,7,5,77),
(3200,8,7,5,71),
(3201,9,7,5,20),
(3202,10,7,5,50),
(3203,11,7,5,16),
(3204,12,7,5,23),
(3205,1,8,5,47),
(3206,2,8,5,102),
(3207,3,8,5,73),
(3208,4,8,5,55),
(3209,5,8,5,73),
(3210,6,8,5,19),
(3211,7,8,5,101),
(3212,8,8,5,85),
(3213,9,8,5,69),
(3214,10,8,5,20),
(3215,11,8,5,86),
(3216,12,8,5,74),
(3217,1,9,5,70),
(3218,2,9,5,107),
(3219,3,9,5,43),
(3220,4,9,5,59),
(3221,5,9,5,54),
(3222,6,9,5,14),
(3223,7,9,5,73),
(3224,8,9,5,9),
(3225,9,9,5,45),
(3226,10,9,5,4),
(3227,11,9,5,4),
(3228,12,9,5,17),
(3229,1,10,5,65),
(3230,2,10,5,25),
(3231,3,10,5,31),
(3232,4,10,5,89),
(3233,5,10,5,23),
(3234,6,10,5,24),
(3235,7,10,5,71),
(3236,8,10,5,28),
(3237,9,10,5,51),
(3238,10,10,5,36),
(3239,11,10,5,2),
(3240,12,10,5,34),
(3241,1,11,5,55),
(3242,2,11,5,51),
(3243,3,11,5,62),
(3244,4,11,5,21),
(3245,5,11,5,63),
(3246,6,11,5,68),
(3247,7,11,5,35),
(3248,8,11,5,58),
(3249,9,11,5,26),
(3250,10,11,5,35),
(3251,11,11,5,7),
(3252,12,11,5,20),
(3253,1,12,5,39),
(3254,2,12,5,11),
(3255,3,12,5,27),
(3256,4,12,5,24),
(3257,5,12,5,32),
(3258,6,12,5,40),
(3259,7,12,5,14),
(3260,8,12,5,1),
(3261,9,12,5,4),
(3262,10,12,5,4),
(3263,11,12,5,24),
(3264,12,12,5,6),
(3265,12,13,5,80),
(3266,1,13,5,69),
(3267,2,13,5,33),
(3268,3,13,5,37),
(3269,4,13,5,68),
(3270,5,13,5,82),
(3271,6,13,5,51),
(3272,7,13,5,90),
(3273,8,13,5,49),
(3274,9,13,5,33),
(3275,10,13,5,90),
(3276,11,13,5,51),
(3277,1,14,5,51),
(3278,2,14,5,13),
(3279,3,14,5,14),
(3280,4,14,5,47),
(3281,5,14,5,89),
(3282,6,14,5,69),
(3283,7,14,5,12),
(3284,8,14,5,37),
(3285,9,14,5,6),
(3286,10,14,5,23),
(3287,11,14,5,41),
(3288,12,14,5,55),
(3289,1,15,5,58),
(3290,2,15,5,11),
(3291,3,15,5,5),
(3292,4,15,5,75),
(3293,5,15,5,46),
(3294,6,15,5,36),
(3295,7,15,5,35),
(3296,8,15,5,34),
(3297,9,15,5,19),
(3298,10,15,5,61),
(3299,11,15,5,58),
(3300,12,15,5,62),
(3301,1,16,5,102),
(3302,2,16,5,61),
(3303,3,16,5,65),
(3304,4,16,5,56),
(3305,5,16,5,30),
(3306,6,16,5,104),
(3307,7,16,5,66),
(3308,8,16,5,77),
(3309,9,16,5,2),
(3310,10,16,5,51),
(3311,11,16,5,25),
(3312,12,16,5,7),
(3313,9,17,5,54),
(3314,1,17,5,20),
(3315,2,17,5,10),
(3316,3,17,5,35),
(3317,4,17,5,43),
(3318,5,17,5,53),
(3319,6,17,5,61),
(3320,7,17,5,21),
(3321,8,17,5,19),
(3322,10,17,5,17),
(3323,11,17,5,59),
(3324,12,17,5,13),
(3325,6,18,5,58),
(3326,1,18,5,13),
(3327,2,18,5,0),
(3328,3,18,5,110),
(3329,4,18,5,40),
(3330,5,18,5,16),
(3331,7,18,5,78),
(3332,8,18,5,118),
(3333,9,18,5,18),
(3334,10,18,5,64),
(3335,11,18,5,22),
(3336,12,18,5,9),
(3337,1,19,5,93),
(3338,2,19,5,87),
(3339,3,19,5,12),
(3340,4,19,5,36),
(3341,5,19,5,27),
(3342,6,19,5,63),
(3343,7,19,5,59),
(3344,8,19,5,59),
(3345,9,19,5,14),
(3346,10,19,5,11),
(3347,11,19,5,83),
(3348,12,19,5,24),
(3349,1,20,5,39),
(3350,2,20,5,54),
(3351,3,20,5,62),
(3352,4,20,5,88),
(3353,5,20,5,80),
(3354,6,20,5,42),
(3355,7,20,5,59),
(3356,8,20,5,68),
(3357,9,20,5,13),
(3358,10,20,5,45),
(3359,11,20,5,33),
(3360,12,20,5,33),
(3361,1,21,5,34),
(3362,2,21,5,61),
(3363,3,21,5,30),
(3364,4,21,5,60),
(3365,5,21,5,74),
(3366,6,21,5,22),
(3367,7,21,5,1),
(3368,8,21,5,24),
(3369,9,21,5,65),
(3370,10,21,5,65),
(3371,11,21,5,29),
(3372,12,21,5,10),
(3373,1,22,5,82),
(3374,2,22,5,64),
(3375,3,22,5,77),
(3376,4,22,5,51),
(3377,5,22,5,35),
(3378,6,22,5,28),
(3379,7,22,5,0),
(3380,8,22,5,20),
(3381,9,22,5,38),
(3382,10,22,5,27),
(3383,11,22,5,6),
(3384,12,22,5,48),
(3385,1,23,5,12),
(3386,2,23,5,60),
(3387,3,23,5,11),
(3388,4,23,5,8),
(3389,5,23,5,18),
(3390,6,23,5,89),
(3391,7,23,5,51),
(3392,8,23,5,92),
(3393,9,23,5,4),
(3394,10,23,5,54),
(3395,11,23,5,71),
(3396,12,23,5,28),
(3397,2,24,5,25),
(3398,1,24,5,71),
(3399,3,24,5,84),
(3400,4,24,5,16),
(3401,5,24,5,48),
(3402,6,24,5,5),
(3403,7,24,5,32),
(3404,8,24,5,66),
(3405,9,24,5,3),
(3406,10,24,5,42),
(3407,11,24,5,45),
(3408,12,24,5,38),
(3409,1,25,5,24),
(3410,2,25,5,50),
(3411,3,25,5,92),
(3412,4,25,5,47),
(3413,5,25,5,85),
(3414,6,25,5,14),
(3415,7,25,5,89),
(3416,8,25,5,66),
(3417,9,25,5,78),
(3418,10,25,5,16),
(3419,11,25,5,94),
(3420,12,25,5,33),
(3421,1,26,5,77),
(3422,2,26,5,106),
(3423,3,26,5,23),
(3424,4,26,5,72),
(3425,5,26,5,74),
(3426,6,26,5,30),
(3427,7,26,5,23),
(3428,8,26,5,56),
(3429,9,26,5,60),
(3430,10,26,5,102),
(3431,11,26,5,14),
(3432,12,26,5,3),
(3433,1,27,5,66),
(3434,2,27,5,68),
(3435,3,27,5,13),
(3436,4,27,5,47),
(3437,5,27,5,54),
(3438,6,27,5,47),
(3439,7,27,5,49),
(3440,8,27,5,50),
(3441,9,27,5,3),
(3442,10,27,5,43),
(3443,11,27,5,72),
(3444,12,27,5,70),
(3445,1,28,5,7),
(3446,2,28,5,50),
(3447,3,28,5,42),
(3448,4,28,5,22),
(3449,5,28,5,3),
(3450,6,28,5,63),
(3451,7,28,5,10),
(3452,8,28,5,45),
(3453,9,28,5,13),
(3454,10,28,5,49),
(3455,11,28,5,15),
(3456,12,28,5,70),
(3457,6,29,5,36),
(3458,1,29,5,58),
(3459,2,29,5,84),
(3460,3,29,5,66),
(3461,4,29,5,77),
(3462,5,29,5,93),
(3463,7,29,5,36),
(3464,8,29,5,47),
(3465,9,29,5,56),
(3466,10,29,5,45),
(3467,11,29,5,12),
(3468,12,29,5,39),
(3469,1,30,5,55),
(3470,2,30,5,5),
(3471,3,30,5,39),
(3472,4,30,5,58),
(3473,5,30,5,23),
(3474,6,30,5,22),
(3475,7,30,5,27),
(3476,8,30,5,85),
(3477,9,30,5,81),
(3478,10,30,5,6),
(3479,11,30,5,82),
(3480,12,30,5,87),
(3481,1,31,5,3),
(3482,2,31,5,38),
(3483,3,31,5,90),
(3484,4,31,5,67),
(3485,5,31,5,46),
(3486,6,31,5,27),
(3487,7,31,5,38),
(3488,8,31,5,82),
(3489,9,31,5,66),
(3490,10,31,5,13),
(3491,11,31,5,15),
(3492,12,31,5,33),
(3493,5,32,5,60),
(3494,1,32,5,29),
(3495,2,32,5,50),
(3496,3,32,5,65),
(3497,4,32,5,67),
(3498,6,32,5,17),
(3499,7,32,5,32),
(3500,8,32,5,38),
(3501,9,32,5,52),
(3502,10,32,5,57),
(3503,11,32,5,72),
(3504,12,32,5,9),
(3505,7,33,5,6),
(3506,1,33,5,11),
(3507,2,33,5,29),
(3508,3,33,5,87),
(3509,4,33,5,75),
(3510,5,33,5,83),
(3511,6,33,5,40),
(3512,8,33,5,75),
(3513,9,33,5,13),
(3514,10,33,5,89),
(3515,11,33,5,56),
(3516,12,33,5,72),
(3517,1,34,5,61),
(3518,2,34,5,4),
(3519,3,34,5,7),
(3520,4,34,5,4),
(3521,5,34,5,4),
(3522,6,34,5,50),
(3523,7,34,5,40),
(3524,8,34,5,59),
(3525,9,34,5,11),
(3526,10,34,5,39),
(3527,11,34,5,17),
(3528,12,34,5,19),
(3529,1,35,5,56),
(3530,2,35,5,62),
(3531,3,35,5,47),
(3532,4,35,5,27),
(3533,5,35,5,45),
(3534,6,35,5,40),
(3535,7,35,5,33),
(3536,8,35,5,92),
(3537,9,35,5,12),
(3538,10,35,5,124),
(3539,11,35,5,92),
(3540,12,35,5,17),
(3541,1,36,5,33),
(3542,2,36,5,75),
(3543,3,36,5,70),
(3544,4,36,5,40),
(3545,5,36,5,77),
(3546,6,36,5,59),
(3547,7,36,5,32),
(3548,8,36,5,10),
(3549,9,36,5,78),
(3550,10,36,5,49),
(3551,11,36,5,67),
(3552,12,36,5,6),
(3553,1,37,5,45),
(3554,2,37,5,22),
(3555,3,37,5,94),
(3556,4,37,5,28),
(3557,5,37,5,2),
(3558,6,37,5,36),
(3559,7,37,5,42),
(3560,8,37,5,69),
(3561,9,37,5,3),
(3562,10,37,5,94),
(3563,11,37,5,8),
(3564,12,37,5,57),
(3565,1,38,5,56),
(3566,2,38,5,41),
(3567,3,38,5,13),
(3568,4,38,5,41),
(3569,5,38,5,22),
(3570,6,38,5,54),
(3571,7,38,5,0),
(3572,8,38,5,25),
(3573,9,38,5,51),
(3574,10,38,5,6),
(3575,11,38,5,26),
(3576,12,38,5,58),
(3577,1,39,5,74),
(3578,2,39,5,50),
(3579,3,39,5,57),
(3580,4,39,5,86),
(3581,5,39,5,98),
(3582,6,39,5,41),
(3583,7,39,5,28),
(3584,8,39,5,65),
(3585,9,39,5,4),
(3586,10,39,5,30),
(3587,11,39,5,6),
(3588,12,39,5,42),
(3589,1,40,5,26),
(3590,2,40,5,41),
(3591,3,40,5,57),
(3592,4,40,5,37),
(3593,5,40,5,3),
(3594,6,40,5,87),
(3595,7,40,5,67),
(3596,8,40,5,38),
(3597,9,40,5,79),
(3598,10,40,5,36),
(3599,11,40,5,11),
(3600,12,40,5,58),
(3601,1,41,5,70),
(3602,2,41,5,93),
(3603,3,41,5,77),
(3604,4,41,5,4),
(3605,5,41,5,32),
(3606,6,41,5,37),
(3607,7,41,5,33),
(3608,8,41,5,67),
(3609,9,41,5,40),
(3610,10,41,5,7),
(3611,11,41,5,97),
(3612,12,41,5,50),
(3613,1,42,5,59),
(3614,2,42,5,3),
(3615,3,42,5,44),
(3616,4,42,5,57),
(3617,5,42,5,65),
(3618,6,42,5,1),
(3619,7,42,5,23),
(3620,8,42,5,56),
(3621,9,42,5,65),
(3622,10,42,5,19),
(3623,11,42,5,47),
(3624,12,42,5,15),
(3625,1,43,5,28),
(3626,2,43,5,27),
(3627,3,43,5,31),
(3628,4,43,5,44),
(3629,5,43,5,32),
(3630,6,43,5,54),
(3631,7,43,5,56),
(3632,8,43,5,10),
(3633,9,43,5,62),
(3634,10,43,5,62),
(3635,11,43,5,16),
(3636,12,43,5,59),
(3637,9,44,5,37),
(3638,1,44,5,50),
(3639,2,44,5,55),
(3640,3,44,5,54),
(3641,4,44,5,16),
(3642,5,44,5,34),
(3643,6,44,5,46),
(3644,7,44,5,39),
(3645,8,44,5,60),
(3646,10,44,5,42),
(3647,11,44,5,22),
(3648,12,44,5,45),
(3649,1,45,5,2),
(3650,2,45,5,71),
(3651,3,45,5,6),
(3652,4,45,5,78),
(3653,5,45,5,36),
(3654,6,45,5,55),
(3655,7,45,5,86),
(3656,8,45,5,87),
(3657,9,45,5,56),
(3658,10,45,5,71),
(3659,11,45,5,34),
(3660,12,45,5,54),
(3661,1,46,5,84),
(3662,2,46,5,23),
(3663,3,46,5,67),
(3664,4,46,5,46),
(3665,5,46,5,17),
(3666,6,46,5,34),
(3667,7,46,5,47),
(3668,8,46,5,54),
(3669,9,46,5,7),
(3670,10,46,5,12),
(3671,11,46,5,83),
(3672,12,46,5,37),
(3673,1,47,5,35),
(3674,2,47,5,19),
(3675,3,47,5,17),
(3676,4,47,5,28),
(3677,5,47,5,74),
(3678,6,47,5,69),
(3679,7,47,5,49),
(3680,8,47,5,33),
(3681,9,47,5,32),
(3682,10,47,5,32),
(3683,11,47,5,48),
(3684,12,47,5,68),
(3685,1,48,5,41),
(3686,2,48,5,89),
(3687,3,48,5,40),
(3688,4,48,5,95),
(3689,5,48,5,6),
(3690,6,48,5,30),
(3691,7,48,5,29),
(3692,8,48,5,8),
(3693,9,48,5,9),
(3694,10,48,5,63),
(3695,11,48,5,54),
(3696,12,48,5,66),
(3697,1,49,5,13),
(3698,2,49,5,68),
(3699,3,49,5,4),
(3700,4,49,5,31),
(3701,5,49,5,87),
(3702,6,49,5,49),
(3703,7,49,5,90),
(3704,8,49,5,9),
(3705,9,49,5,20),
(3706,10,49,5,90),
(3707,11,49,5,47),
(3708,12,49,5,65),
(3709,8,50,5,17),
(3710,1,50,5,34),
(3711,2,50,5,12),
(3712,3,50,5,11),
(3713,4,50,5,18),
(3714,5,50,5,3),
(3715,6,50,5,34),
(3716,7,50,5,33),
(3717,9,50,5,8),
(3718,10,50,5,33),
(3719,11,50,5,27),
(3720,12,50,5,1),
(3721,1,51,5,82),
(3722,2,51,5,62),
(3723,3,51,5,1),
(3724,4,51,5,80),
(3725,5,51,5,86),
(3726,6,51,5,74),
(3727,7,51,5,52),
(3728,8,51,5,44),
(3729,9,51,5,8),
(3730,10,51,5,31),
(3731,11,51,5,30),
(3732,12,51,5,80),
(3733,5,52,5,185),
(3734,1,52,5,46),
(3735,2,52,5,41),
(3736,3,52,5,69),
(3737,4,52,5,20),
(3738,6,52,5,59),
(3739,7,52,5,70),
(3740,8,52,5,54),
(3741,9,52,5,47),
(3742,10,52,5,10),
(3743,11,52,5,21),
(3744,12,52,5,82),
(3745,1,53,5,31),
(3746,2,53,5,63),
(3747,3,53,5,71),
(3748,4,53,5,25),
(3749,5,53,5,50),
(3750,6,53,5,63),
(3751,7,53,5,69),
(3752,8,53,5,53),
(3753,9,53,5,56),
(3754,10,53,5,31),
(3755,11,53,5,29),
(3756,12,53,5,33),
(3757,2,54,5,47),
(3758,1,54,5,67),
(3759,3,54,5,59),
(3760,4,54,5,63),
(3761,5,54,5,31),
(3762,6,54,5,43),
(3763,7,54,5,24),
(3764,8,54,5,43),
(3765,9,54,5,31),
(3766,10,54,5,38),
(3767,11,54,5,43),
(3768,12,54,5,30),
(3769,1,55,5,87),
(3770,2,55,5,43),
(3771,3,55,5,18),
(3772,4,55,5,43),
(3773,5,55,5,100),
(3774,6,55,5,26),
(3775,7,55,5,65),
(3776,8,55,5,12),
(3777,9,55,5,3),
(3778,10,55,5,7),
(3779,11,55,5,90),
(3780,12,55,5,28),
(3781,5,56,5,78),
(3782,1,56,5,79),
(3783,2,56,5,62),
(3784,3,56,5,29),
(3785,4,56,5,10),
(3786,6,56,5,19),
(3787,7,56,5,38),
(3788,8,56,5,18),
(3789,9,56,5,10),
(3790,10,56,5,49),
(3791,11,56,5,36),
(3792,12,56,5,8),
(3793,11,57,5,89),
(3794,1,57,5,9),
(3795,2,57,5,50),
(3796,3,57,5,47),
(3797,4,57,5,3),
(3798,5,57,5,109),
(3799,6,57,5,3),
(3800,7,57,5,42),
(3801,8,57,5,53),
(3802,9,57,5,96),
(3803,10,57,5,27),
(3804,12,57,5,24),
(3805,10,58,5,56),
(3806,1,58,5,56),
(3807,2,58,5,56),
(3808,3,58,5,23),
(3809,4,58,5,24),
(3810,5,58,5,10),
(3811,6,58,5,72),
(3812,7,58,5,16),
(3813,8,58,5,53),
(3814,9,58,5,84),
(3815,11,58,5,19),
(3816,12,58,5,41),
(3817,1,59,5,74),
(3818,2,59,5,18),
(3819,3,59,5,35),
(3820,4,59,5,73),
(3821,5,59,5,11),
(3822,6,59,5,23),
(3823,7,59,5,5),
(3824,8,59,5,62),
(3825,9,59,5,63),
(3826,10,59,5,35),
(3827,11,59,5,74),
(3828,12,59,5,21),
(3829,10,60,5,86),
(3830,1,60,5,52),
(3831,2,60,5,9),
(3832,3,60,5,6),
(3833,4,60,5,83),
(3834,5,60,5,16),
(3835,6,60,5,48),
(3836,7,60,5,63),
(3837,8,60,5,23),
(3838,9,60,5,17),
(3839,11,60,5,33),
(3840,12,60,5,28),
(3841,1,61,5,68),
(3842,2,61,5,34),
(3843,3,61,5,39),
(3844,4,61,5,48),
(3845,5,61,5,47),
(3846,6,61,5,68),
(3847,7,61,5,15),
(3848,8,61,5,67),
(3849,9,61,5,58),
(3850,10,61,5,20),
(3851,11,61,5,46),
(3852,12,61,5,22),
(3853,1,62,5,29),
(3854,2,62,5,65),
(3855,3,62,5,47),
(3856,4,62,5,47),
(3857,5,62,5,47),
(3858,6,62,5,80),
(3859,7,62,5,44),
(3860,8,62,5,59),
(3861,9,62,5,38),
(3862,10,62,5,62),
(3863,11,62,5,74),
(3864,12,62,5,72),
(3865,10,63,5,107),
(3866,1,63,5,26),
(3867,2,63,5,95),
(3868,3,63,5,21),
(3869,4,63,5,59),
(3870,5,63,5,3),
(3871,6,63,5,15),
(3872,7,63,5,39),
(3873,8,63,5,89),
(3874,9,63,5,11),
(3875,11,63,5,98),
(3876,12,63,5,18),
(3877,1,64,5,37),
(3878,2,64,5,43),
(3879,3,64,5,43),
(3880,4,64,5,34),
(3881,5,64,5,27),
(3882,6,64,5,69),
(3883,7,64,5,16),
(3884,8,64,5,25),
(3885,9,64,5,57),
(3886,10,64,5,71),
(3887,11,64,5,52),
(3888,12,64,5,24),
(3889,1,65,5,27),
(3890,2,65,5,14),
(3891,3,65,5,38),
(3892,4,65,5,83),
(3893,5,65,5,64),
(3894,6,65,5,15),
(3895,7,65,5,46),
(3896,8,65,5,78),
(3897,9,65,5,25),
(3898,10,65,5,23),
(3899,11,65,5,62),
(3900,12,65,5,7)
;
